Date	N1	N2	N3	N4	N5	E1	E2
06/05/2011	28.0	16.0	20.0	22.0	11.0	4.0	9.0
29/04/2011	38.0	40.0	25.0	15.0	41.0	1.0	2.0
22/04/2011	22.0	45.0	48.0	11.0	36.0	1.0	4.0
15/04/2011	4.0	41.0	6.0	21.0	39.0	2.0	6.0
08/04/2011	21.0	47.0	23.0	38.0	50.0	6.0	2.0
01/04/2011	17.0	33.0	22.0	21.0	4.0	4.0	8.0
25/03/2011	12.0	21.0	6.0	33.0	27.0	7.0	3.0
18/03/2011	50.0	13.0	26.0	1.0	20.0	7.0	6.0
11/03/2011	17.0	24.0	37.0	19.0	46.0	2.0	7.0
04/03/2011	28.0	41.0	25.0	11.0	27.0	8.0	5.0
25/02/2011	42.0	45.0	13.0	48.0	12.0	3.0	9.0
18/02/2011	45.0	3.0	49.0	15.0	2.0	9.0	5.0
11/02/2011	15.0	14.0	12.0	19.0	23.0	7.0	8.0
04/02/2011	47.0	35.0	11.0	2.0	24.0	5.0	9.0
28/01/2011	41.0	24.0	23.0	42.0	13.0	5.0	1.0
21/01/2011	21.0	11.0	13.0	3.0	18.0	5.0	4.0
14/01/2011	44.0	2.0	24.0	14.0	39.0	7.0	6.0
07/01/2011	32.0	22.0	1.0	48.0	50.0	7.0	6.0
31/12/2010	2.0	24.0	43.0	38.0	34.0	1.0	7.0
24/12/2010	46.0	19.0	42.0	36.0	38.0	8.0	2.0
17/12/2010	3.0	35.0	29.0	42.0	20.0	3.0	8.0
10/12/2010	46.0	2.0	10.0	3.0	33.0	8.0	7.0
03/12/2010	28.0	32.0	46.0	8.0	19.0	4.0	7.0
26/11/2010	9.0	41.0	36.0	49.0	28.0	7.0	5.0
19/11/2010	36.0	12.0	15.0	45.0	32.0	9.0	7.0
12/11/2010	23.0	47.0	7.0	19.0	29.0	6.0	1.0
05/11/2010	21.0	23.0	33.0	50.0	40.0	5.0	4.0
29/10/2010	32.0	22.0	16.0	42.0	20.0	8.0	9.0
22/10/2010	39.0	5.0	11.0	9.0	4.0	3.0	5.0
15/10/2010	38.0	31.0	2.0	36.0	43.0	7.0	3.0
08/10/2010	46.0	35.0	39.0	30.0	9.0	6.0	8.0
01/10/2010	4.0	27.0	6.0	48.0	1.0	1.0	6.0
24/09/2010	1.0	16.0	48.0	4.0	40.0	1.0	9.0
17/09/2010	50.0	27.0	38.0	17.0	29.0	3.0	1.0
10/09/2010	35.0	41.0	21.0	45.0	17.0	5.0	1.0
03/09/2010	24.0	49.0	47.0	26.0	13.0	4.0	8.0
27/08/2010	13.0	6.0	30.0	1.0	49.0	1.0	9.0
20/08/2010	27.0	31.0	5.0	42.0	40.0	6.0	1.0
13/08/2010	15.0	9.0	47.0	21.0	4.0	7.0	2.0
06/08/2010	42.0	28.0	13.0	29.0	25.0	4.0	5.0
30/07/2010	39.0	11.0	3.0	4.0	28.0	8.0	2.0
23/07/2010	4.0	13.0	37.0	35.0	46.0	9.0	3.0
16/07/2010	49.0	46.0	45.0	39.0	38.0	7.0	8.0
09/07/2010	37.0	9.0	49.0	24.0	39.0	3.0	9.0
02/07/2010	46.0	41.0	36.0	13.0	12.0	8.0	1.0
25/06/2010	18.0	1.0	8.0	28.0	31.0	9.0	8.0
18/06/2010	2.0	29.0	31.0	38.0	32.0	4.0	1.0
11/06/2010	44.0	2.0	36.0	22.0	24.0	2.0	1.0
04/06/2010	34.0	42.0	17.0	40.0	4.0	9.0	4.0
28/05/2010	9.0	31.0	32.0	33.0	4.0	3.0	7.0
21/05/2010	38.0	19.0	50.0	7.0	30.0	4.0	7.0
14/05/2010	17.0	31.0	43.0	47.0	1.0	3.0	2.0
07/05/2010	15.0	21.0	6.0	3.0	32.0	7.0	9.0
30/04/2010	6.0	36.0	22.0	25.0	24.0	3.0	8.0
23/04/2010	46.0	3.0	7.0	8.0	43.0	6.0	8.0
16/04/2010	17.0	11.0	26.0	40.0	9.0	9.0	3.0
09/04/2010	44.0	23.0	24.0	21.0	7.0	3.0	4.0
02/04/2010	26.0	18.0	12.0	24.0	45.0	5.0	4.0
26/03/2010	18.0	37.0	8.0	16.0	43.0	2.0	6.0
19/03/2010	38.0	28.0	30.0	39.0	10.0	7.0	2.0
12/03/2010	46.0	1.0	26.0	36.0	33.0	7.0	6.0
05/03/2010	19.0	18.0	49.0	12.0	43.0	9.0	3.0
26/02/2010	42.0	11.0	29.0	7.0	18.0	7.0	6.0
19/02/2010	37.0	12.0	38.0	31.0	43.0	3.0	2.0
12/02/2010	5.0	45.0	1.0	38.0	18.0	6.0	4.0
05/02/2010	46.0	38.0	34.0	35.0	39.0	3.0	4.0
29/01/2010	39.0	43.0	30.0	17.0	9.0	7.0	5.0
22/01/2010	4.0	44.0	27.0	22.0	36.0	9.0	7.0
15/01/2010	49.0	50.0	26.0	29.0	11.0	4.0	7.0
08/01/2010	44.0	5.0	14.0	4.0	46.0	9.0	8.0
01/01/2010	22.0	24.0	27.0	36.0	9.0	7.0	5.0
25/12/2009	4.0	17.0	5.0	34.0	14.0	5.0	3.0
18/12/2009	49.0	30.0	35.0	32.0	14.0	8.0	3.0
11/12/2009	41.0	43.0	44.0	46.0	20.0	2.0	9.0
04/12/2009	25.0	30.0	19.0	18.0	44.0	3.0	1.0
27/11/2009	33.0	15.0	13.0	5.0	8.0	8.0	9.0
20/11/2009	47.0	9.0	28.0	5.0	43.0	2.0	9.0
13/11/2009	15.0	25.0	32.0	26.0	13.0	4.0	3.0
06/11/2009	19.0	43.0	45.0	34.0	11.0	5.0	9.0
30/10/2009	35.0	9.0	33.0	38.0	40.0	6.0	2.0
23/10/2009	20.0	6.0	18.0	29.0	31.0	8.0	2.0
16/10/2009	23.0	30.0	31.0	47.0	12.0	3.0	4.0
09/10/2009	29.0	11.0	46.0	7.0	50.0	4.0	7.0
02/10/2009	44.0	29.0	24.0	23.0	22.0	5.0	1.0
25/09/2009	6.0	21.0	18.0	17.0	34.0	9.0	3.0
18/09/2009	30.0	16.0	41.0	38.0	6.0	2.0	4.0
11/09/2009	42.0	15.0	12.0	35.0	43.0	6.0	4.0
04/09/2009	20.0	39.0	6.0	9.0	38.0	9.0	3.0
28/08/2009	37.0	41.0	49.0	36.0	8.0	7.0	5.0
21/08/2009	16.0	42.0	31.0	7.0	4.0	5.0	3.0
14/08/2009	30.0	5.0	8.0	49.0	24.0	9.0	3.0
07/08/2009	22.0	10.0	31.0	24.0	20.0	7.0	2.0
31/07/2009	26.0	9.0	20.0	21.0	5.0	6.0	3.0
24/07/2009	15.0	47.0	35.0	25.0	14.0	9.0	5.0
17/07/2009	17.0	50.0	8.0	2.0	32.0	3.0	7.0
10/07/2009	42.0	20.0	6.0	16.0	46.0	1.0	6.0
03/07/2009	29.0	47.0	46.0	34.0	21.0	6.0	8.0
26/06/2009	21.0	6.0	11.0	39.0	30.0	8.0	2.0
19/06/2009	20.0	17.0	16.0	4.0	29.0	7.0	5.0
12/06/2009	50.0	14.0	6.0	16.0	34.0	6.0	4.0
05/06/2009	35.0	19.0	40.0	26.0	11.0	2.0	5.0
29/05/2009	30.0	47.0	2.0	37.0	5.0	6.0	3.0
22/05/2009	43.0	4.0	14.0	33.0	13.0	6.0	1.0
15/05/2009	19.0	8.0	42.0	18.0	20.0	5.0	9.0
08/05/2009	4.0	29.0	23.0	31.0	24.0	9.0	8.0
01/05/2009	38.0	47.0	31.0	19.0	5.0	3.0	5.0
24/04/2009	21.0	4.0	24.0	14.0	41.0	5.0	8.0
17/04/2009	7.0	4.0	21.0	44.0	47.0	1.0	5.0
10/04/2009	37.0	14.0	9.0	46.0	16.0	2.0	4.0
03/04/2009	46.0	24.0	32.0	20.0	2.0	1.0	9.0
27/03/2009	25.0	42.0	36.0	33.0	38.0	6.0	7.0
20/03/2009	31.0	12.0	35.0	23.0	16.0	4.0	6.0
13/03/2009	36.0	42.0	26.0	12.0	24.0	1.0	4.0
06/03/2009	13.0	35.0	25.0	17.0	19.0	5.0	6.0
27/02/2009	9.0	44.0	5.0	37.0	45.0	9.0	6.0
20/02/2009	13.0	48.0	9.0	12.0	14.0	1.0	2.0
13/02/2009	33.0	36.0	40.0	22.0	42.0	1.0	2.0
06/02/2009	36.0	30.0	20.0	40.0	10.0	3.0	5.0
30/01/2009	4.0	34.0	35.0	46.0	29.0	5.0	8.0
23/01/2009	36.0	49.0	33.0	40.0	32.0	2.0	8.0
16/01/2009	50.0	22.0	17.0	3.0	49.0	3.0	6.0
09/01/2009	22.0	7.0	15.0	28.0	48.0	4.0	1.0
02/01/2009	48.0	30.0	29.0	37.0	36.0	1.0	6.0
26/12/2008	44.0	26.0	2.0	1.0	50.0	1.0	7.0
19/12/2008	29.0	50.0	46.0	28.0	40.0	5.0	7.0
12/12/2008	2.0	19.0	42.0	28.0	49.0	7.0	2.0
05/12/2008	35.0	8.0	21.0	45.0	4.0	5.0	8.0
28/11/2008	8.0	25.0	11.0	41.0	16.0	4.0	2.0
21/11/2008	50.0	49.0	21.0	9.0	14.0	8.0	3.0
14/11/2008	14.0	26.0	10.0	8.0	21.0	4.0	3.0
07/11/2008	9.0	1.0	17.0	12.0	18.0	3.0	4.0
31/10/2008	34.0	25.0	3.0	41.0	18.0	5.0	2.0
24/10/2008	45.0	7.0	15.0	16.0	17.0	6.0	9.0
17/10/2008	50.0	12.0	10.0	3.0	42.0	1.0	5.0
10/10/2008	15.0	31.0	22.0	4.0	41.0	6.0	1.0
03/10/2008	4.0	38.0	13.0	19.0	23.0	2.0	3.0
26/09/2008	31.0	29.0	33.0	14.0	37.0	2.0	1.0
19/09/2008	14.0	16.0	19.0	31.0	20.0	9.0	6.0
12/09/2008	23.0	33.0	37.0	19.0	50.0	7.0	3.0
05/09/2008	17.0	12.0	39.0	16.0	7.0	3.0	8.0
29/08/2008	2.0	20.0	37.0	25.0	39.0	8.0	5.0
22/08/2008	50.0	27.0	29.0	39.0	7.0	7.0	5.0
15/08/2008	18.0	11.0	17.0	26.0	31.0	6.0	5.0
08/08/2008	15.0	5.0	16.0	45.0	4.0	7.0	4.0
01/08/2008	25.0	40.0	22.0	50.0	1.0	1.0	8.0
25/07/2008	29.0	7.0	15.0	24.0	11.0	7.0	2.0
18/07/2008	16.0	14.0	44.0	10.0	29.0	6.0	5.0
11/07/2008	37.0	19.0	11.0	13.0	9.0	3.0	4.0
04/07/2008	19.0	22.0	48.0	7.0	27.0	7.0	5.0
27/06/2008	20.0	44.0	5.0	50.0	26.0	5.0	7.0
20/06/2008	11.0	8.0	36.0	37.0	45.0	3.0	5.0
13/06/2008	16.0	37.0	44.0	50.0	13.0	9.0	1.0
06/06/2008	21.0	40.0	19.0	50.0	7.0	2.0	9.0
30/05/2008	14.0	20.0	49.0	7.0	5.0	8.0	2.0
23/05/2008	5.0	38.0	9.0	19.0	21.0	1.0	7.0
16/05/2008	6.0	38.0	9.0	25.0	15.0	4.0	9.0
09/05/2008	8.0	9.0	42.0	40.0	45.0	7.0	6.0
02/05/2008	26.0	48.0	45.0	37.0	2.0	8.0	4.0
25/04/2008	4.0	30.0	26.0	19.0	27.0	8.0	3.0
18/04/2008	27.0	6.0	7.0	50.0	3.0	5.0	9.0
11/04/2008	50.0	30.0	25.0	45.0	6.0	5.0	7.0
04/04/2008	18.0	37.0	47.0	13.0	11.0	6.0	1.0
28/03/2008	39.0	9.0	29.0	5.0	17.0	3.0	6.0
21/03/2008	10.0	2.0	22.0	18.0	36.0	6.0	4.0
14/03/2008	13.0	48.0	35.0	21.0	25.0	4.0	8.0
07/03/2008	14.0	17.0	7.0	35.0	2.0	6.0	1.0
29/02/2008	37.0	47.0	49.0	40.0	12.0	9.0	2.0
22/02/2008	46.0	50.0	4.0	27.0	32.0	8.0	9.0
15/02/2008	27.0	45.0	12.0	29.0	46.0	7.0	4.0
08/02/2008	17.0	38.0	28.0	44.0	30.0	1.0	4.0
01/02/2008	30.0	49.0	45.0	47.0	22.0	4.0	9.0
25/01/2008	2.0	19.0	9.0	45.0	6.0	7.0	8.0
18/01/2008	46.0	40.0	16.0	14.0	23.0	8.0	4.0
11/01/2008	24.0	36.0	50.0	8.0	49.0	4.0	8.0
04/01/2008	41.0	24.0	10.0	12.0	25.0	3.0	5.0
28/12/2007	45.0	31.0	20.0	22.0	21.0	9.0	7.0
21/12/2007	37.0	7.0	44.0	28.0	9.0	7.0	6.0
14/12/2007	8.0	30.0	36.0	25.0	44.0	4.0	3.0
07/12/2007	48.0	43.0	4.0	2.0	32.0	1.0	7.0
30/11/2007	38.0	20.0	12.0	19.0	30.0	9.0	7.0
23/11/2007	22.0	2.0	48.0	29.0	10.0	9.0	3.0
16/11/2007	23.0	18.0	33.0	37.0	9.0	1.0	8.0
09/11/2007	14.0	25.0	36.0	5.0	22.0	6.0	5.0
02/11/2007	40.0	16.0	3.0	19.0	18.0	2.0	1.0
26/10/2007	20.0	7.0	38.0	40.0	43.0	8.0	1.0
19/10/2007	7.0	18.0	34.0	35.0	40.0	7.0	8.0
12/10/2007	36.0	47.0	21.0	32.0	46.0	3.0	4.0
05/10/2007	20.0	27.0	35.0	44.0	11.0	5.0	2.0
28/09/2007	22.0	34.0	44.0	30.0	35.0	4.0	5.0
21/09/2007	35.0	37.0	17.0	1.0	32.0	8.0	1.0
14/09/2007	33.0	29.0	5.0	9.0	11.0	7.0	9.0
07/09/2007	42.0	3.0	34.0	2.0	33.0	5.0	3.0
31/08/2007	22.0	37.0	23.0	18.0	6.0	6.0	5.0
24/08/2007	16.0	3.0	42.0	1.0	48.0	2.0	3.0
17/08/2007	2.0	13.0	42.0	3.0	38.0	7.0	8.0
10/08/2007	40.0	43.0	49.0	42.0	23.0	6.0	2.0
03/08/2007	41.0	33.0	37.0	30.0	10.0	1.0	8.0
27/07/2007	4.0	29.0	21.0	1.0	41.0	8.0	7.0
20/07/2007	50.0	26.0	10.0	21.0	25.0	9.0	4.0
13/07/2007	13.0	9.0	31.0	15.0	48.0	6.0	3.0
06/07/2007	39.0	41.0	4.0	19.0	5.0	9.0	8.0
29/06/2007	28.0	8.0	33.0	45.0	12.0	1.0	3.0
22/06/2007	22.0	17.0	16.0	11.0	34.0	5.0	6.0
15/06/2007	5.0	14.0	40.0	7.0	21.0	3.0	8.0
08/06/2007	15.0	17.0	25.0	45.0	1.0	8.0	2.0
01/06/2007	22.0	41.0	42.0	37.0	6.0	6.0	9.0
25/05/2007	49.0	26.0	50.0	29.0	25.0	8.0	7.0
18/05/2007	49.0	37.0	34.0	26.0	39.0	2.0	6.0
11/05/2007	12.0	26.0	49.0	7.0	29.0	6.0	2.0
04/05/2007	17.0	41.0	35.0	6.0	45.0	1.0	5.0
27/04/2007	44.0	18.0	7.0	36.0	27.0	1.0	2.0
20/04/2007	41.0	26.0	32.0	45.0	23.0	3.0	7.0
13/04/2007	20.0	41.0	38.0	7.0	25.0	3.0	7.0
06/04/2007	41.0	48.0	29.0	23.0	15.0	6.0	3.0
30/03/2007	19.0	9.0	46.0	17.0	41.0	1.0	8.0
23/03/2007	43.0	17.0	5.0	40.0	13.0	3.0	1.0
16/03/2007	45.0	4.0	31.0	49.0	14.0	9.0	4.0
09/03/2007	43.0	25.0	3.0	2.0	48.0	9.0	6.0
02/03/2007	3.0	16.0	48.0	34.0	38.0	8.0	5.0
23/02/2007	20.0	2.0	22.0	18.0	15.0	5.0	2.0
16/02/2007	19.0	39.0	20.0	50.0	8.0	6.0	9.0
09/02/2007	36.0	16.0	46.0	30.0	14.0	8.0	2.0
02/02/2007	36.0	14.0	27.0	23.0	30.0	1.0	6.0
26/01/2007	38.0	11.0	23.0	15.0	30.0	4.0	9.0
19/01/2007	27.0	5.0	13.0	33.0	42.0	4.0	2.0
12/01/2007	14.0	8.0	25.0	19.0	11.0	3.0	5.0
05/01/2007	17.0	45.0	36.0	29.0	19.0	6.0	5.0
29/12/2006	14.0	9.0	6.0	13.0	35.0	3.0	4.0
22/12/2006	20.0	11.0	43.0	9.0	38.0	2.0	3.0
15/12/2006	35.0	37.0	9.0	42.0	23.0	3.0	7.0
08/12/2006	47.0	36.0	17.0	16.0	18.0	1.0	2.0
01/12/2006	16.0	37.0	8.0	41.0	4.0	2.0	5.0
24/11/2006	8.0	5.0	40.0	25.0	17.0	5.0	1.0
17/11/2006	36.0	12.0	33.0	22.0	32.0	2.0	6.0
10/11/2006	36.0	30.0	14.0	27.0	21.0	2.0	3.0
03/11/2006	13.0	11.0	44.0	24.0	49.0	9.0	3.0
27/10/2006	3.0	50.0	44.0	4.0	8.0	8.0	7.0
20/10/2006	10.0	34.0	47.0	19.0	45.0	6.0	3.0
13/10/2006	2.0	32.0	38.0	41.0	25.0	5.0	3.0
06/10/2006	5.0	35.0	11.0	22.0	38.0	7.0	8.0
29/09/2006	1.0	3.0	24.0	6.0	18.0	5.0	8.0
22/09/2006	30.0	45.0	49.0	29.0	10.0	8.0	3.0
15/09/2006	10.0	49.0	26.0	6.0	16.0	7.0	9.0
08/09/2006	12.0	10.0	32.0	33.0	1.0	8.0	1.0
01/09/2006	25.0	50.0	7.0	45.0	3.0	9.0	6.0
25/08/2006	47.0	10.0	28.0	48.0	40.0	8.0	6.0
18/08/2006	37.0	40.0	50.0	12.0	39.0	1.0	2.0
11/08/2006	47.0	31.0	46.0	28.0	27.0	5.0	2.0
04/08/2006	26.0	15.0	32.0	14.0	1.0	7.0	3.0
28/07/2006	3.0	43.0	29.0	8.0	12.0	6.0	7.0
21/07/2006	50.0	4.0	38.0	2.0	9.0	8.0	6.0
14/07/2006	1.0	31.0	7.0	17.0	36.0	8.0	2.0
07/07/2006	35.0	9.0	7.0	43.0	18.0	7.0	5.0
30/06/2006	16.0	6.0	15.0	40.0	43.0	1.0	2.0
23/06/2006	44.0	30.0	9.0	21.0	43.0	9.0	1.0
16/06/2006	26.0	36.0	1.0	16.0	30.0	9.0	3.0
09/06/2006	3.0	34.0	39.0	15.0	12.0	4.0	6.0
02/06/2006	41.0	7.0	48.0	27.0	8.0	6.0	1.0
26/05/2006	21.0	41.0	12.0	2.0	49.0	3.0	7.0
19/05/2006	49.0	34.0	25.0	3.0	5.0	8.0	5.0
12/05/2006	23.0	5.0	20.0	34.0	50.0	1.0	5.0
05/05/2006	8.0	50.0	16.0	4.0	14.0	9.0	3.0
28/04/2006	17.0	5.0	33.0	22.0	10.0	7.0	5.0
21/04/2006	46.0	1.0	22.0	20.0	37.0	1.0	9.0
14/04/2006	34.0	35.0	26.0	16.0	49.0	6.0	2.0
07/04/2006	13.0	12.0	29.0	50.0	44.0	4.0	5.0
31/03/2006	50.0	3.0	45.0	20.0	31.0	7.0	6.0
24/03/2006	17.0	47.0	28.0	33.0	35.0	4.0	9.0
17/03/2006	50.0	44.0	5.0	45.0	32.0	7.0	1.0
10/03/2006	1.0	33.0	21.0	45.0	49.0	4.0	8.0
03/03/2006	5.0	44.0	10.0	8.0	3.0	3.0	5.0
24/02/2006	18.0	19.0	1.0	47.0	11.0	7.0	3.0
17/02/2006	4.0	23.0	38.0	24.0	26.0	4.0	2.0
10/02/2006	5.0	38.0	6.0	48.0	50.0	6.0	7.0
03/02/2006	30.0	39.0	9.0	21.0	50.0	3.0	1.0
27/01/2006	9.0	21.0	15.0	40.0	49.0	4.0	1.0
20/01/2006	15.0	12.0	50.0	33.0	44.0	6.0	2.0
13/01/2006	12.0	19.0	33.0	34.0	8.0	1.0	6.0
06/01/2006	6.0	26.0	14.0	9.0	2.0	4.0	5.0
30/12/2005	19.0	45.0	43.0	8.0	16.0	1.0	4.0
23/12/2005	31.0	42.0	37.0	36.0	15.0	1.0	7.0
16/12/2005	2.0	18.0	3.0	15.0	32.0	7.0	6.0
09/12/2005	11.0	42.0	38.0	35.0	18.0	1.0	5.0
02/12/2005	1.0	30.0	20.0	9.0	23.0	4.0	7.0
25/11/2005	27.0	39.0	47.0	6.0	1.0	6.0	1.0
18/11/2005	34.0	17.0	18.0	48.0	25.0	3.0	2.0
11/11/2005	41.0	16.0	36.0	42.0	15.0	5.0	3.0
04/11/2005	38.0	42.0	36.0	37.0	26.0	2.0	6.0
28/10/2005	14.0	50.0	47.0	44.0	36.0	3.0	5.0
21/10/2005	19.0	14.0	33.0	1.0	29.0	1.0	8.0
14/10/2005	10.0	19.0	11.0	23.0	20.0	6.0	1.0
07/10/2005	26.0	44.0	21.0	13.0	2.0	3.0	9.0
30/09/2005	11.0	50.0	48.0	6.0	47.0	1.0	6.0
23/09/2005	1.0	31.0	34.0	26.0	47.0	4.0	9.0
16/09/2005	19.0	38.0	12.0	13.0	21.0	3.0	9.0
09/09/2005	31.0	12.0	50.0	19.0	8.0	7.0	6.0
02/09/2005	43.0	3.0	4.0	50.0	14.0	3.0	6.0
26/08/2005	29.0	35.0	40.0	41.0	9.0	6.0	1.0
19/08/2005	41.0	29.0	11.0	24.0	31.0	3.0	1.0
12/08/2005	37.0	23.0	40.0	15.0	30.0	7.0	9.0
05/08/2005	21.0	11.0	2.0	22.0	30.0	4.0	6.0
29/07/2005	50.0	3.0	19.0	49.0	26.0	5.0	4.0
22/07/2005	49.0	14.0	41.0	3.0	48.0	1.0	4.0
15/07/2005	42.0	23.0	1.0	11.0	12.0	6.0	3.0
08/07/2005	42.0	46.0	36.0	35.0	49.0	8.0	2.0
01/07/2005	23.0	28.0	5.0	4.0	25.0	3.0	4.0
24/06/2005	6.0	15.0	8.0	14.0	45.0	7.0	8.0
17/06/2005	8.0	4.0	10.0	21.0	18.0	7.0	1.0
10/06/2005	37.0	32.0	47.0	7.0	6.0	7.0	1.0
03/06/2005	8.0	11.0	3.0	17.0	50.0	5.0	1.0
27/05/2005	50.0	48.0	31.0	2.0	24.0	9.0	4.0
20/05/2005	28.0	6.0	47.0	7.0	13.0	8.0	5.0
13/05/2005	12.0	40.0	31.0	17.0	32.0	9.0	2.0
06/05/2005	44.0	21.0	12.0	7.0	26.0	6.0	8.0
29/04/2005	42.0	35.0	9.0	3.0	39.0	1.0	8.0
22/04/2005	13.0	10.0	24.0	47.0	3.0	9.0	5.0
15/04/2005	6.0	31.0	42.0	38.0	28.0	9.0	3.0
08/04/2005	31.0	50.0	25.0	11.0	7.0	3.0	1.0
01/04/2005	26.0	44.0	47.0	25.0	41.0	3.0	7.0
25/03/2005	29.0	33.0	38.0	4.0	37.0	9.0	6.0
18/03/2005	48.0	39.0	23.0	6.0	43.0	5.0	7.0
11/03/2005	40.0	12.0	43.0	23.0	8.0	1.0	4.0
04/03/2005	12.0	32.0	37.0	39.0	24.0	7.0	9.0
25/02/2005	43.0	3.0	27.0	44.0	30.0	8.0	4.0
18/02/2005	32.0	46.0	20.0	21.0	26.0	8.0	9.0
11/02/2005	11.0	13.0	25.0	32.0	50.0	7.0	4.0
04/02/2005	11.0	1.0	40.0	30.0	8.0	7.0	8.0
28/01/2005	26.0	21.0	7.0	43.0	45.0	5.0	7.0
21/01/2005	12.0	14.0	10.0	26.0	24.0	8.0	5.0
14/01/2005	11.0	14.0	29.0	6.0	19.0	3.0	1.0
07/01/2005	50.0	27.0	47.0	3.0	23.0	3.0	2.0
31/12/2004	8.0	7.0	47.0	25.0	24.0	8.0	9.0
24/12/2004	3.0	27.0	29.0	4.0	37.0	6.0	5.0
17/12/2004	49.0	22.0	19.0	15.0	46.0	9.0	2.0
10/12/2004	3.0	13.0	43.0	1.0	16.0	7.0	2.0
03/12/2004	15.0	42.0	11.0	1.0	49.0	4.0	3.0
26/11/2004	24.0	1.0	34.0	4.0	36.0	8.0	6.0
19/11/2004	37.0	29.0	34.0	18.0	1.0	6.0	2.0
12/11/2004	12.0	13.0	4.0	32.0	11.0	9.0	3.0
05/11/2004	25.0	42.0	49.0	19.0	6.0	1.0	7.0
29/10/2004	32.0	1.0	38.0	35.0	8.0	9.0	4.0
22/10/2004	9.0	25.0	1.0	40.0	23.0	3.0	9.0
15/10/2004	37.0	21.0	14.0	43.0	22.0	5.0	8.0
08/10/2004	12.0	10.0	48.0	1.0	16.0	2.0	6.0
01/10/2004	48.0	20.0	45.0	21.0	12.0	6.0	5.0
24/09/2004	48.0	21.0	26.0	27.0	44.0	1.0	7.0
17/09/2004	41.0	39.0	15.0	18.0	29.0	8.0	5.0
10/09/2004	5.0	38.0	36.0	25.0	33.0	5.0	2.0
03/09/2004	14.0	12.0	15.0	34.0	8.0	7.0	6.0
27/08/2004	28.0	1.0	44.0	22.0	11.0	1.0	9.0
20/08/2004	27.0	10.0	35.0	9.0	6.0	6.0	8.0
13/08/2004	20.0	27.0	41.0	43.0	50.0	5.0	8.0
06/08/2004	5.0	35.0	44.0	15.0	24.0	6.0	5.0
30/07/2004	50.0	10.0	9.0	19.0	37.0	6.0	1.0
23/07/2004	10.0	27.0	7.0	34.0	31.0	8.0	3.0
16/07/2004	26.0	50.0	31.0	24.0	38.0	8.0	5.0
09/07/2004	44.0	19.0	5.0	12.0	2.0	8.0	9.0
02/07/2004	4.0	28.0	24.0	23.0	34.0	1.0	3.0
25/06/2004	30.0	21.0	35.0	3.0	34.0	1.0	2.0
18/06/2004	28.0	2.0	40.0	23.0	43.0	6.0	2.0
11/06/2004	7.0	2.0	47.0	10.0	8.0	1.0	7.0
04/06/2004	41.0	42.0	34.0	13.0	9.0	7.0	3.0
28/05/2004	41.0	44.0	6.0	35.0	11.0	6.0	5.0
21/05/2004	37.0	39.0	29.0	15.0	49.0	4.0	9.0
14/05/2004	32.0	3.0	1.0	39.0	21.0	2.0	6.0
07/05/2004	38.0	36.0	15.0	16.0	21.0	1.0	5.0
30/04/2004	27.0	16.0	6.0	5.0	23.0	7.0	6.0
23/04/2004	45.0	21.0	6.0	49.0	10.0	5.0	3.0
16/04/2004	28.0	40.0	14.0	15.0	35.0	3.0	1.0
09/04/2004	23.0	19.0	10.0	1.0	4.0	2.0	8.0
02/04/2004	4.0	24.0	12.0	36.0	27.0	2.0	9.0
26/03/2004	23.0	43.0	3.0	4.0	10.0	2.0	4.0
19/03/2004	42.0	45.0	33.0	37.0	36.0	9.0	4.0
12/03/2004	44.0	47.0	15.0	28.0	24.0	4.0	5.0
05/03/2004	39.0	37.0	4.0	7.0	33.0	5.0	1.0
27/02/2004	37.0	19.0	18.0	14.0	31.0	5.0	4.0
20/02/2004	13.0	50.0	47.0	7.0	39.0	2.0	5.0
13/02/2004	32.0	16.0	29.0	41.0	36.0	9.0	7.0
31/01/2014	10.0	15.0	31.0	8.0	16.0	8.0	9.0
28/01/2014	18.0	23.0	48.0	20.0	42.0	2.0	9.0
24/01/2014	19.0	41.0	35.0	34.0	5.0	1.0	5.0
21/01/2014	4.0	42.0	35.0	48.0	12.0	5.0	8.0
17/01/2014	26.0	19.0	33.0	42.0	32.0	10.0	4.0
14/01/2014	25.0	18.0	20.0	26.0	37.0	11.0	10.0
10/01/2014	1.0	27.0	2.0	11.0	29.0	10.0	1.0
07/01/2014	2.0	45.0	20.0	27.0	33.0	6.0	10.0
03/01/2014	3.0	44.0	27.0	38.0	31.0	3.0	8.0
31/12/2013	29.0	45.0	24.0	20.0	13.0	7.0	3.0
27/12/2013	1.0	22.0	6.0	13.0	28.0	10.0	5.0
24/12/2013	5.0	31.0	43.0	50.0	19.0	6.0	2.0
20/12/2013	13.0	22.0	17.0	43.0	12.0	10.0	3.0
17/12/2013	41.0	6.0	8.0	37.0	27.0	7.0	10.0
13/12/2013	24.0	22.0	23.0	1.0	31.0	6.0	11.0
10/12/2013	49.0	50.0	24.0	6.0	35.0	7.0	1.0
06/12/2013	18.0	31.0	36.0	2.0	1.0	7.0	10.0
03/12/2013	32.0	6.0	29.0	15.0	13.0	2.0	9.0
29/11/2013	10.0	23.0	7.0	2.0	43.0	4.0	7.0
26/11/2013	44.0	27.0	23.0	42.0	19.0	5.0	3.0
22/11/2013	40.0	26.0	13.0	25.0	50.0	8.0	9.0
19/11/2013	45.0	14.0	19.0	36.0	15.0	1.0	10.0
15/11/2013	13.0	42.0	3.0	15.0	29.0	4.0	1.0
12/11/2013	29.0	48.0	40.0	37.0	14.0	11.0	2.0
08/11/2013	35.0	20.0	42.0	43.0	28.0	8.0	10.0
05/11/2013	35.0	38.0	12.0	13.0	6.0	2.0	3.0
01/11/2013	19.0	33.0	29.0	30.0	7.0	3.0	8.0
29/10/2013	32.0	9.0	10.0	30.0	37.0	6.0	2.0
25/10/2013	2.0	31.0	38.0	3.0	10.0	6.0	10.0
22/10/2013	39.0	33.0	29.0	44.0	41.0	9.0	11.0
18/10/2013	25.0	36.0	47.0	46.0	5.0	2.0	6.0
15/10/2013	39.0	18.0	27.0	43.0	47.0	7.0	4.0
11/10/2013	6.0	17.0	23.0	12.0	43.0	5.0	9.0
08/10/2013	23.0	24.0	33.0	42.0	26.0	5.0	3.0
04/10/2013	50.0	35.0	6.0	24.0	20.0	5.0	10.0
01/10/2013	19.0	44.0	48.0	25.0	23.0	9.0	8.0
27/09/2013	41.0	15.0	11.0	38.0	43.0	6.0	2.0
24/09/2013	43.0	20.0	10.0	28.0	26.0	9.0	11.0
20/09/2013	5.0	11.0	38.0	35.0	45.0	2.0	3.0
17/09/2013	44.0	17.0	21.0	42.0	13.0	11.0	9.0
13/09/2013	14.0	27.0	6.0	4.0	33.0	10.0	5.0
10/09/2013	7.0	28.0	30.0	14.0	11.0	2.0	10.0
06/09/2013	25.0	11.0	32.0	23.0	37.0	7.0	4.0
03/09/2013	5.0	18.0	16.0	42.0	9.0	7.0	9.0
30/08/2013	45.0	25.0	17.0	36.0	2.0	5.0	9.0
27/08/2013	7.0	40.0	38.0	43.0	30.0	6.0	2.0
23/08/2013	30.0	37.0	26.0	6.0	1.0	8.0	5.0
20/08/2013	42.0	11.0	50.0	49.0	5.0	8.0	11.0
16/08/2013	39.0	20.0	24.0	37.0	27.0	5.0	10.0
13/08/2013	5.0	20.0	47.0	17.0	50.0	1.0	4.0
09/08/2013	24.0	4.0	23.0	7.0	9.0	9.0	8.0
06/08/2013	17.0	47.0	16.0	49.0	31.0	3.0	11.0
02/08/2013	42.0	36.0	48.0	37.0	21.0	7.0	4.0
30/07/2013	3.0	14.0	4.0	11.0	43.0	1.0	6.0
26/07/2013	23.0	38.0	29.0	12.0	49.0	4.0	3.0
23/07/2013	19.0	14.0	44.0	16.0	15.0	4.0	5.0
19/07/2013	24.0	35.0	13.0	26.0	16.0	5.0	2.0
16/07/2013	50.0	34.0	47.0	19.0	23.0	4.0	6.0
12/07/2013	26.0	42.0	33.0	18.0	32.0	3.0	2.0
09/07/2013	18.0	16.0	38.0	49.0	31.0	10.0	4.0
05/07/2013	28.0	4.0	33.0	12.0	15.0	1.0	10.0
02/07/2013	14.0	13.0	11.0	28.0	30.0	4.0	5.0
28/06/2013	15.0	1.0	47.0	28.0	35.0	7.0	1.0
25/06/2013	4.0	13.0	35.0	27.0	5.0	2.0	1.0
21/06/2013	30.0	11.0	36.0	45.0	10.0	1.0	2.0
18/06/2013	24.0	33.0	17.0	41.0	44.0	11.0	1.0
14/06/2013	41.0	25.0	48.0	10.0	47.0	6.0	10.0
11/06/2013	7.0	9.0	25.0	5.0	41.0	5.0	1.0
07/06/2013	14.0	26.0	45.0	50.0	7.0	2.0	7.0
04/06/2013	34.0	33.0	40.0	31.0	37.0	6.0	1.0
31/05/2013	29.0	43.0	28.0	34.0	27.0	10.0	5.0
28/05/2013	34.0	38.0	13.0	8.0	26.0	3.0	11.0
24/05/2013	22.0	17.0	40.0	7.0	27.0	2.0	3.0
21/05/2013	29.0	19.0	8.0	28.0	7.0	9.0	5.0
17/05/2013	25.0	24.0	50.0	6.0	20.0	9.0	10.0
14/05/2013	24.0	7.0	8.0	36.0	27.0	11.0	5.0
10/05/2013	48.0	35.0	45.0	1.0	32.0	4.0	11.0
07/05/2013	43.0	27.0	13.0	28.0	42.0	4.0	6.0
03/05/2013	5.0	49.0	34.0	3.0	40.0	2.0	3.0
30/04/2013	13.0	50.0	40.0	43.0	36.0	9.0	5.0
26/04/2013	40.0	38.0	16.0	24.0	11.0	2.0	5.0
23/04/2013	50.0	4.0	1.0	7.0	10.0	4.0	11.0
19/04/2013	1.0	46.0	8.0	42.0	48.0	4.0	7.0
16/04/2013	33.0	50.0	22.0	1.0	11.0	4.0	6.0
12/04/2013	28.0	45.0	15.0	5.0	10.0	3.0	9.0
09/04/2013	15.0	44.0	48.0	38.0	35.0	10.0	5.0
05/04/2013	32.0	1.0	17.0	39.0	11.0	7.0	2.0
02/04/2013	17.0	12.0	41.0	29.0	25.0	1.0	4.0
29/03/2013	44.0	30.0	46.0	43.0	13.0	9.0	5.0
26/03/2013	44.0	30.0	26.0	42.0	4.0	6.0	11.0
22/03/2013	27.0	32.0	12.0	34.0	49.0	9.0	8.0
19/03/2013	44.0	32.0	19.0	37.0	35.0	9.0	1.0
15/03/2013	24.0	14.0	39.0	4.0	21.0	10.0	3.0
12/03/2013	50.0	4.0	10.0	2.0	22.0	5.0	8.0
08/03/2013	20.0	42.0	23.0	28.0	3.0	8.0	11.0
05/03/2013	33.0	31.0	19.0	8.0	39.0	7.0	2.0
01/03/2013	1.0	11.0	36.0	29.0	42.0	4.0	5.0
26/02/2013	12.0	13.0	17.0	3.0	30.0	6.0	2.0
22/02/2013	15.0	37.0	36.0	16.0	28.0	2.0	11.0
19/02/2013	28.0	30.0	44.0	12.0	15.0	9.0	8.0
15/02/2013	2.0	4.0	42.0	28.0	22.0	4.0	9.0
12/02/2013	28.0	25.0	5.0	11.0	16.0	7.0	9.0
08/02/2013	14.0	44.0	11.0	34.0	9.0	11.0	10.0
05/02/2013	25.0	6.0	45.0	40.0	31.0	6.0	7.0
01/02/2013	37.0	5.0	34.0	38.0	21.0	1.0	6.0
29/01/2013	9.0	16.0	36.0	26.0	39.0	6.0	2.0
25/01/2013	3.0	10.0	37.0	18.0	31.0	2.0	4.0
22/01/2013	45.0	10.0	48.0	1.0	44.0	4.0	1.0
18/01/2013	39.0	26.0	27.0	30.0	4.0	10.0	3.0
15/01/2013	47.0	42.0	22.0	40.0	38.0	11.0	1.0
11/01/2013	37.0	22.0	29.0	4.0	41.0	7.0	4.0
08/01/2013	22.0	26.0	47.0	2.0	20.0	9.0	5.0
04/01/2013	4.0	10.0	27.0	22.0	41.0	10.0	8.0
01/01/2013	36.0	49.0	2.0	7.0	8.0	11.0	1.0
28/12/2012	26.0	49.0	27.0	24.0	17.0	3.0	5.0
25/12/2012	14.0	20.0	32.0	23.0	18.0	3.0	10.0
21/12/2012	40.0	5.0	3.0	42.0	22.0	3.0	10.0
18/12/2012	35.0	14.0	44.0	18.0	20.0	5.0	2.0
14/12/2012	40.0	29.0	11.0	43.0	10.0	11.0	3.0
11/12/2012	50.0	4.0	9.0	1.0	43.0	6.0	8.0
07/12/2012	10.0	18.0	31.0	42.0	16.0	2.0	5.0
04/12/2012	29.0	5.0	28.0	44.0	10.0	2.0	4.0
30/11/2012	18.0	23.0	40.0	24.0	10.0	3.0	4.0
27/11/2012	49.0	44.0	6.0	10.0	23.0	7.0	1.0
23/11/2012	11.0	20.0	40.0	9.0	1.0	5.0	1.0
20/11/2012	42.0	28.0	45.0	30.0	49.0	10.0	5.0
16/11/2012	15.0	19.0	41.0	23.0	10.0	2.0	9.0
13/11/2012	29.0	11.0	21.0	24.0	16.0	6.0	2.0
09/11/2012	47.0	28.0	14.0	21.0	22.0	5.0	4.0
06/11/2012	35.0	25.0	20.0	41.0	7.0	1.0	9.0
02/11/2012	6.0	10.0	3.0	44.0	11.0	3.0	4.0
30/10/2012	23.0	44.0	25.0	24.0	31.0	2.0	3.0
26/10/2012	9.0	5.0	6.0	38.0	27.0	5.0	11.0
23/10/2012	1.0	35.0	38.0	50.0	28.0	2.0	10.0
19/10/2012	16.0	40.0	44.0	37.0	29.0	8.0	10.0
16/10/2012	41.0	10.0	40.0	49.0	32.0	2.0	8.0
12/10/2012	35.0	7.0	17.0	43.0	6.0	2.0	8.0
09/10/2012	23.0	8.0	10.0	25.0	2.0	8.0	9.0
05/10/2012	19.0	16.0	18.0	21.0	9.0	3.0	2.0
02/10/2012	16.0	42.0	21.0	36.0	4.0	8.0	7.0
28/09/2012	20.0	26.0	30.0	33.0	23.0	6.0	9.0
25/09/2012	48.0	25.0	27.0	49.0	7.0	1.0	4.0
21/09/2012	41.0	4.0	34.0	43.0	19.0	7.0	11.0
18/09/2012	38.0	7.0	39.0	44.0	6.0	7.0	9.0
14/09/2012	27.0	10.0	44.0	23.0	3.0	9.0	7.0
11/09/2012	15.0	6.0	37.0	22.0	44.0	2.0	4.0
07/09/2012	15.0	35.0	13.0	30.0	42.0	4.0	6.0
04/09/2012	18.0	39.0	17.0	44.0	11.0	10.0	5.0
31/08/2012	31.0	28.0	16.0	48.0	33.0	11.0	7.0
28/08/2012	1.0	26.0	25.0	44.0	18.0	5.0	4.0
24/08/2012	6.0	5.0	19.0	37.0	12.0	7.0	3.0
21/08/2012	17.0	5.0	38.0	4.0	48.0	4.0	3.0
17/08/2012	19.0	25.0	33.0	44.0	28.0	8.0	2.0
14/08/2012	45.0	16.0	42.0	1.0	38.0	9.0	10.0
10/08/2012	50.0	21.0	17.0	48.0	11.0	9.0	10.0
07/08/2012	20.0	50.0	34.0	46.0	27.0	3.0	2.0
03/08/2012	34.0	35.0	42.0	24.0	46.0	5.0	1.0
31/07/2012	35.0	39.0	4.0	36.0	29.0	9.0	8.0
27/07/2012	15.0	48.0	14.0	23.0	21.0	2.0	10.0
24/07/2012	18.0	25.0	4.0	16.0	44.0	11.0	1.0
20/07/2012	19.0	23.0	10.0	45.0	49.0	9.0	10.0
17/07/2012	24.0	2.0	43.0	7.0	46.0	10.0	8.0
13/07/2012	18.0	46.0	35.0	25.0	8.0	9.0	4.0
10/07/2012	37.0	1.0	24.0	16.0	3.0	8.0	1.0
06/07/2012	40.0	42.0	38.0	31.0	32.0	3.0	1.0
03/07/2012	22.0	7.0	2.0	40.0	27.0	6.0	3.0
29/06/2012	14.0	17.0	28.0	39.0	29.0	11.0	1.0
26/06/2012	11.0	22.0	35.0	20.0	1.0	10.0	8.0
22/06/2012	18.0	14.0	19.0	43.0	49.0	7.0	3.0
19/06/2012	17.0	20.0	50.0	7.0	35.0	5.0	11.0
15/06/2012	48.0	38.0	27.0	22.0	10.0	3.0	7.0
12/06/2012	30.0	26.0	48.0	15.0	8.0	9.0	10.0
08/06/2012	11.0	22.0	5.0	34.0	40.0	9.0	11.0
05/06/2012	13.0	49.0	37.0	47.0	34.0	8.0	9.0
01/06/2012	26.0	2.0	36.0	14.0	4.0	9.0	10.0
29/05/2012	28.0	17.0	25.0	15.0	8.0	3.0	11.0
25/05/2012	35.0	12.0	22.0	49.0	46.0	2.0	8.0
22/05/2012	31.0	32.0	41.0	16.0	37.0	7.0	1.0
18/05/2012	29.0	50.0	43.0	47.0	13.0	9.0	11.0
15/05/2012	13.0	2.0	50.0	11.0	26.0	5.0	2.0
11/05/2012	1.0	17.0	13.0	44.0	38.0	2.0	11.0
08/05/2012	3.0	34.0	48.0	38.0	21.0	5.0	8.0
04/05/2012	26.0	41.0	40.0	39.0	3.0	1.0	2.0
01/05/2012	4.0	15.0	41.0	5.0	19.0	11.0	9.0
27/04/2012	36.0	43.0	30.0	27.0	20.0	1.0	6.0
24/04/2012	8.0	24.0	48.0	43.0	9.0	3.0	5.0
20/04/2012	32.0	41.0	29.0	3.0	6.0	11.0	10.0
17/04/2012	10.0	28.0	49.0	48.0	33.0	10.0	1.0
13/04/2012	8.0	39.0	43.0	13.0	26.0	3.0	5.0
10/04/2012	37.0	27.0	22.0	25.0	36.0	9.0	5.0
06/04/2012	11.0	35.0	45.0	20.0	30.0	2.0	3.0
03/04/2012	1.0	8.0	18.0	25.0	30.0	10.0	9.0
30/03/2012	46.0	17.0	23.0	4.0	36.0	10.0	6.0
27/03/2012	29.0	36.0	27.0	34.0	24.0	7.0	8.0
23/03/2012	50.0	15.0	9.0	23.0	31.0	8.0	11.0
20/03/2012	28.0	30.0	15.0	16.0	46.0	3.0	4.0
16/03/2012	12.0	4.0	50.0	3.0	23.0	4.0	7.0
13/03/2012	47.0	1.0	25.0	10.0	43.0	8.0	9.0
09/03/2012	39.0	36.0	32.0	47.0	3.0	6.0	9.0
06/03/2012	23.0	47.0	27.0	37.0	24.0	6.0	2.0
02/03/2012	44.0	5.0	11.0	6.0	30.0	6.0	2.0
28/02/2012	10.0	48.0	1.0	17.0	33.0	2.0	3.0
24/02/2012	34.0	3.0	12.0	26.0	7.0	10.0	8.0
21/02/2012	11.0	24.0	14.0	25.0	29.0	11.0	7.0
17/02/2012	11.0	4.0	47.0	28.0	38.0	11.0	10.0
14/02/2012	36.0	14.0	42.0	46.0	27.0	11.0	8.0
10/02/2012	3.0	14.0	31.0	41.0	8.0	7.0	11.0
07/02/2012	15.0	3.0	17.0	33.0	28.0	2.0	4.0
03/02/2012	16.0	20.0	19.0	25.0	28.0	1.0	10.0
31/01/2012	43.0	34.0	38.0	9.0	45.0	4.0	2.0
27/01/2012	10.0	19.0	44.0	13.0	39.0	6.0	2.0
24/01/2012	1.0	20.0	6.0	2.0	36.0	11.0	8.0
20/01/2012	10.0	28.0	27.0	2.0	22.0	8.0	6.0
17/01/2012	12.0	44.0	22.0	30.0	31.0	5.0	6.0
13/01/2012	39.0	13.0	21.0	14.0	27.0	8.0	6.0
10/01/2012	9.0	4.0	30.0	10.0	40.0	9.0	2.0
06/01/2012	1.0	6.0	10.0	31.0	12.0	7.0	2.0
03/01/2012	42.0	30.0	45.0	3.0	49.0	5.0	10.0
30/12/2011	36.0	44.0	43.0	16.0	50.0	8.0	7.0
27/12/2011	26.0	21.0	25.0	19.0	44.0	7.0	3.0
23/12/2011	22.0	7.0	24.0	28.0	21.0	1.0	11.0
20/12/2011	14.0	48.0	1.0	9.0	12.0	7.0	1.0
16/12/2011	10.0	2.0	23.0	31.0	5.0	5.0	2.0
13/12/2011	12.0	37.0	18.0	33.0	7.0	1.0	11.0
09/12/2011	21.0	12.0	47.0	44.0	29.0	2.0	1.0
06/12/2011	34.0	21.0	20.0	38.0	19.0	9.0	3.0
02/12/2011	27.0	40.0	7.0	43.0	30.0	9.0	8.0
29/11/2011	25.0	50.0	11.0	45.0	41.0	7.0	2.0
25/11/2011	34.0	14.0	26.0	19.0	28.0	5.0	8.0
22/11/2011	16.0	40.0	38.0	24.0	18.0	2.0	4.0
18/11/2011	39.0	44.0	24.0	4.0	12.0	2.0	4.0
15/11/2011	47.0	17.0	22.0	6.0	45.0	3.0	11.0
11/11/2011	30.0	18.0	1.0	4.0	23.0	3.0	7.0
08/11/2011	40.0	15.0	4.0	29.0	1.0	1.0	5.0
04/11/2011	41.0	50.0	11.0	43.0	14.0	9.0	2.0
01/11/2011	20.0	45.0	23.0	14.0	46.0	1.0	11.0
28/10/2011	39.0	16.0	20.0	17.0	50.0	4.0	8.0
25/10/2011	39.0	28.0	22.0	12.0	27.0	4.0	10.0
21/10/2011	37.0	19.0	2.0	33.0	46.0	5.0	8.0
18/10/2011	46.0	18.0	37.0	48.0	23.0	2.0	10.0
14/10/2011	47.0	23.0	12.0	29.0	32.0	3.0	5.0
11/10/2011	12.0	16.0	4.0	1.0	48.0	9.0	10.0
07/10/2011	42.0	34.0	18.0	38.0	26.0	8.0	5.0
04/10/2011	14.0	16.0	23.0	45.0	38.0	8.0	11.0
30/09/2011	28.0	15.0	44.0	31.0	5.0	1.0	6.0
27/09/2011	28.0	18.0	40.0	27.0	35.0	3.0	5.0
23/09/2011	6.0	33.0	48.0	14.0	34.0	6.0	2.0
20/09/2011	25.0	38.0	19.0	9.0	36.0	11.0	7.0
16/09/2011	39.0	2.0	42.0	17.0	8.0	3.0	10.0
13/09/2011	28.0	32.0	49.0	9.0	30.0	9.0	10.0
09/09/2011	21.0	5.0	34.0	31.0	28.0	2.0	1.0
06/09/2011	42.0	35.0	50.0	48.0	47.0	9.0	8.0
02/09/2011	37.0	12.0	26.0	38.0	44.0	4.0	7.0
30/08/2011	46.0	8.0	2.0	10.0	19.0	5.0	9.0
26/08/2011	25.0	45.0	22.0	33.0	12.0	5.0	7.0
23/08/2011	42.0	50.0	6.0	14.0	4.0	2.0	4.0
19/08/2011	16.0	6.0	31.0	28.0	14.0	11.0	2.0
16/08/2011	45.0	18.0	1.0	13.0	17.0	8.0	3.0
12/08/2011	7.0	20.0	37.0	10.0	27.0	7.0	4.0
09/08/2011	36.0	24.0	34.0	7.0	23.0	11.0	8.0
05/08/2011	34.0	32.0	18.0	14.0	13.0	1.0	10.0
02/08/2011	8.0	33.0	14.0	24.0	5.0	8.0	3.0
29/07/2011	37.0	38.0	19.0	27.0	12.0	5.0	10.0
26/07/2011	5.0	1.0	25.0	48.0	22.0	11.0	3.0
22/07/2011	4.0	50.0	15.0	49.0	23.0	2.0	6.0
19/07/2011	16.0	3.0	25.0	35.0	26.0	5.0	9.0
15/07/2011	26.0	6.0	33.0	39.0	34.0	3.0	4.0
12/07/2011	19.0	17.0	42.0	45.0	38.0	9.0	10.0
08/07/2011	12.0	13.0	40.0	49.0	23.0	7.0	10.0
05/07/2011	28.0	47.0	29.0	11.0	49.0	5.0	1.0
01/07/2011	11.0	23.0	31.0	8.0	46.0	9.0	8.0
28/06/2011	16.0	15.0	44.0	30.0	50.0	3.0	2.0
24/06/2011	41.0	20.0	5.0	30.0	16.0	11.0	6.0
21/06/2011	49.0	50.0	20.0	17.0	35.0	4.0	3.0
17/06/2011	11.0	22.0	21.0	16.0	44.0	8.0	3.0
14/06/2011	41.0	19.0	48.0	5.0	12.0	8.0	10.0
10/06/2011	37.0	20.0	3.0	48.0	19.0	8.0	11.0
07/06/2011	25.0	38.0	40.0	6.0	36.0	10.0	4.0
03/06/2011	49.0	40.0	50.0	39.0	4.0	2.0	5.0
31/05/2011	22.0	9.0	10.0	50.0	1.0	11.0	5.0
27/05/2011	28.0	9.0	49.0	25.0	17.0	9.0	8.0
24/05/2011	16.0	23.0	24.0	29.0	26.0	2.0	9.0
20/05/2011	42.0	25.0	10.0	20.0	14.0	8.0	11.0
17/05/2011	37.0	20.0	21.0	45.0	46.0	3.0	2.0
13/05/2011	17.0	47.0	11.0	36.0	9.0	2.0	1.0
10/05/2011	28.0	3.0	45.0	10.0	15.0	7.0	5.0
26/08/2025	2.0	42.0	38.0	14.0	45.0	11.0	10.0
22/08/2025	39.0	30.0	9.0	12.0	6.0	10.0	4.0
19/08/2025	24.0	43.0	41.0	34.0	31.0	8.0	6.0
15/08/2025	36.0	40.0	35.0	30.0	13.0	6.0	2.0
12/08/2025	46.0	48.0	28.0	18.0	42.0	3.0	9.0
08/08/2025	2.0	34.0	19.0	12.0	44.0	10.0	6.0
05/08/2025	1.0	3.0	5.0	42.0	47.0	5.0	10.0
01/08/2025	29.0	4.0	25.0	16.0	30.0	10.0	2.0
29/07/2025	5.0	46.0	44.0	6.0	42.0	4.0	8.0
25/07/2025	32.0	36.0	23.0	6.0	7.0	11.0	12.0
22/07/2025	8.0	41.0	33.0	26.0	15.0	9.0	10.0
18/07/2025	25.0	19.0	42.0	45.0	13.0	9.0	2.0
15/07/2025	41.0	45.0	24.0	49.0	38.0	1.0	6.0
11/07/2025	8.0	24.0	45.0	23.0	49.0	2.0	10.0
08/07/2025	50.0	18.0	9.0	1.0	8.0	5.0	1.0
04/07/2025	45.0	19.0	48.0	29.0	42.0	5.0	7.0
01/07/2025	34.0	17.0	1.0	28.0	32.0	7.0	8.0
27/06/2025	27.0	45.0	19.0	36.0	49.0	7.0	10.0
24/06/2025	16.0	21.0	39.0	7.0	23.0	11.0	7.0
20/06/2025	37.0	24.0	47.0	5.0	8.0	9.0	3.0
17/06/2025	22.0	44.0	49.0	23.0	13.0	3.0	5.0
13/06/2025	43.0	40.0	45.0	2.0	28.0	3.0	7.0
10/06/2025	36.0	40.0	45.0	39.0	19.0	5.0	6.0
06/06/2025	30.0	29.0	21.0	20.0	35.0	2.0	12.0
03/06/2025	47.0	12.0	15.0	38.0	48.0	7.0	5.0
30/05/2025	36.0	7.0	14.0	4.0	33.0	1.0	5.0
27/05/2025	30.0	41.0	38.0	12.0	40.0	4.0	12.0
23/05/2025	49.0	43.0	29.0	46.0	10.0	12.0	7.0
20/05/2025	47.0	1.0	29.0	8.0	13.0	5.0	6.0
16/05/2025	25.0	9.0	37.0	46.0	6.0	6.0	12.0
13/05/2025	19.0	9.0	44.0	47.0	50.0	2.0	9.0
09/05/2025	15.0	18.0	25.0	47.0	29.0	9.0	5.0
06/05/2025	23.0	24.0	47.0	48.0	8.0	4.0	9.0
02/05/2025	21.0	49.0	5.0	3.0	19.0	1.0	10.0
29/04/2025	24.0	30.0	41.0	2.0	9.0	11.0	1.0
25/04/2025	13.0	32.0	39.0	41.0	22.0	1.0	12.0
22/04/2025	37.0	47.0	33.0	7.0	28.0	9.0	12.0
18/04/2025	20.0	48.0	39.0	35.0	27.0	3.0	8.0
15/04/2025	3.0	31.0	38.0	44.0	33.0	12.0	6.0
11/04/2025	14.0	34.0	46.0	49.0	28.0	3.0	8.0
08/04/2025	15.0	3.0	48.0	14.0	49.0	1.0	7.0
04/04/2025	50.0	27.0	39.0	45.0	41.0	7.0	5.0
01/04/2025	30.0	49.0	46.0	9.0	24.0	4.0	12.0
28/03/2025	10.0	21.0	30.0	45.0	42.0	1.0	9.0
25/03/2025	36.0	3.0	18.0	33.0	1.0	6.0	2.0
21/03/2025	9.0	17.0	18.0	21.0	50.0	12.0	5.0
18/03/2025	46.0	9.0	35.0	4.0	50.0	8.0	11.0
14/03/2025	8.0	33.0	49.0	35.0	10.0	2.0	9.0
11/03/2025	36.0	37.0	42.0	47.0	13.0	11.0	7.0
07/03/2025	32.0	6.0	48.0	27.0	10.0	8.0	3.0
04/03/2025	29.0	42.0	15.0	20.0	35.0	9.0	2.0
28/02/2025	43.0	31.0	46.0	16.0	7.0	9.0	5.0
25/02/2025	23.0	24.0	44.0	17.0	22.0	11.0	6.0
21/02/2025	1.0	43.0	3.0	20.0	11.0	11.0	2.0
18/02/2025	26.0	40.0	5.0	25.0	14.0	5.0	7.0
14/02/2025	38.0	14.0	36.0	31.0	4.0	10.0	3.0
11/02/2025	21.0	3.0	46.0	36.0	41.0	6.0	1.0
07/02/2025	10.0	24.0	45.0	29.0	23.0	8.0	10.0
04/02/2025	29.0	43.0	3.0	39.0	4.0	5.0	10.0
31/01/2025	30.0	41.0	49.0	44.0	22.0	7.0	2.0
28/01/2025	42.0	41.0	37.0	49.0	9.0	9.0	1.0
24/01/2025	30.0	2.0	19.0	49.0	11.0	3.0	8.0
21/01/2025	8.0	6.0	14.0	27.0	41.0	5.0	4.0
17/01/2025	24.0	42.0	15.0	35.0	8.0	8.0	6.0
14/01/2025	41.0	48.0	29.0	20.0	18.0	5.0	9.0
10/01/2025	36.0	37.0	27.0	42.0	12.0	7.0	6.0
07/01/2025	41.0	20.0	35.0	33.0	47.0	4.0	12.0
03/01/2025	19.0	35.0	37.0	3.0	29.0	1.0	9.0
31/12/2024	33.0	24.0	19.0	26.0	28.0	12.0	8.0
27/12/2024	45.0	33.0	12.0	27.0	22.0	4.0	8.0
24/12/2024	6.0	24.0	16.0	23.0	10.0	12.0	11.0
20/12/2024	14.0	10.0	50.0	33.0	21.0	6.0	9.0
17/12/2024	1.0	21.0	4.0	29.0	3.0	7.0	2.0
13/12/2024	25.0	1.0	42.0	15.0	50.0	10.0	4.0
10/12/2024	29.0	25.0	5.0	47.0	24.0	9.0	5.0
06/12/2024	25.0	39.0	47.0	14.0	44.0	6.0	10.0
03/12/2024	46.0	23.0	34.0	25.0	47.0	6.0	8.0
29/11/2024	8.0	18.0	43.0	17.0	29.0	5.0	9.0
26/11/2024	40.0	25.0	31.0	11.0	7.0	12.0	9.0
22/11/2024	12.0	10.0	29.0	11.0	31.0	11.0	8.0
19/11/2024	28.0	20.0	49.0	13.0	4.0	7.0	12.0
15/11/2024	7.0	39.0	8.0	44.0	34.0	2.0	6.0
12/11/2024	11.0	12.0	50.0	10.0	22.0	10.0	1.0
08/11/2024	48.0	2.0	35.0	33.0	42.0	1.0	3.0
05/11/2024	50.0	8.0	37.0	1.0	19.0	9.0	6.0
01/11/2024	44.0	7.0	50.0	33.0	38.0	2.0	7.0
29/10/2024	45.0	30.0	19.0	1.0	2.0	12.0	10.0
25/10/2024	4.0	20.0	45.0	25.0	17.0	9.0	8.0
22/10/2024	13.0	46.0	3.0	27.0	30.0	1.0	2.0
18/10/2024	23.0	39.0	4.0	15.0	30.0	12.0	1.0
15/10/2024	15.0	48.0	2.0	36.0	32.0	3.0	9.0
11/10/2024	23.0	46.0	32.0	16.0	49.0	5.0	4.0
08/10/2024	7.0	19.0	34.0	14.0	40.0	8.0	6.0
04/10/2024	4.0	17.0	8.0	16.0	20.0	6.0	1.0
01/10/2024	22.0	41.0	8.0	42.0	29.0	9.0	11.0
27/09/2024	7.0	21.0	38.0	20.0	27.0	12.0	5.0
24/09/2024	20.0	21.0	49.0	36.0	18.0	5.0	3.0
20/09/2024	16.0	37.0	34.0	25.0	29.0	3.0	7.0
17/09/2024	30.0	32.0	20.0	41.0	44.0	10.0	1.0
13/09/2024	31.0	42.0	10.0	15.0	17.0	4.0	12.0
10/09/2024	48.0	46.0	6.0	29.0	47.0	9.0	2.0
06/09/2024	34.0	47.0	14.0	12.0	41.0	3.0	4.0
03/09/2024	7.0	9.0	11.0	45.0	16.0	5.0	2.0
30/08/2024	3.0	24.0	42.0	33.0	27.0	6.0	4.0
27/08/2024	1.0	47.0	42.0	8.0	11.0	11.0	4.0
23/08/2024	50.0	47.0	24.0	9.0	15.0	8.0	9.0
20/08/2024	10.0	18.0	13.0	26.0	7.0	12.0	3.0
16/08/2024	49.0	45.0	15.0	29.0	17.0	10.0	1.0
13/08/2024	15.0	16.0	40.0	47.0	39.0	1.0	6.0
09/08/2024	33.0	23.0	25.0	44.0	21.0	4.0	10.0
06/08/2024	41.0	27.0	50.0	1.0	18.0	2.0	12.0
02/08/2024	12.0	7.0	33.0	5.0	46.0	3.0	12.0
30/07/2024	28.0	37.0	9.0	38.0	25.0	2.0	8.0
26/07/2024	35.0	37.0	23.0	19.0	4.0	8.0	4.0
23/07/2024	8.0	10.0	16.0	34.0	4.0	8.0	4.0
19/07/2024	44.0	22.0	35.0	48.0	15.0	6.0	7.0
16/07/2024	39.0	35.0	2.0	36.0	32.0	7.0	8.0
12/07/2024	12.0	39.0	24.0	25.0	18.0	10.0	8.0
09/07/2024	28.0	15.0	19.0	39.0	6.0	7.0	11.0
05/07/2024	29.0	47.0	31.0	13.0	11.0	11.0	1.0
02/07/2024	46.0	7.0	2.0	34.0	35.0	6.0	8.0
28/06/2024	10.0	18.0	35.0	16.0	22.0	10.0	1.0
25/06/2024	14.0	16.0	49.0	45.0	37.0	5.0	7.0
21/06/2024	4.0	3.0	11.0	7.0	17.0	12.0	3.0
18/06/2024	34.0	11.0	36.0	33.0	3.0	12.0	1.0
14/06/2024	13.0	2.0	16.0	24.0	32.0	7.0	1.0
11/06/2024	48.0	15.0	7.0	34.0	45.0	7.0	9.0
07/06/2024	30.0	26.0	15.0	37.0	16.0	8.0	5.0
04/06/2024	43.0	7.0	6.0	9.0	14.0	4.0	3.0
31/05/2024	16.0	33.0	4.0	34.0	7.0	8.0	7.0
28/05/2024	18.0	16.0	35.0	41.0	36.0	6.0	7.0
24/05/2024	12.0	9.0	22.0	18.0	50.0	1.0	3.0
21/05/2024	13.0	11.0	48.0	14.0	34.0	9.0	7.0
17/05/2024	31.0	41.0	46.0	32.0	18.0	10.0	1.0
14/05/2024	35.0	2.0	8.0	28.0	17.0	7.0	9.0
10/05/2024	29.0	44.0	13.0	48.0	28.0	12.0	4.0
07/05/2024	45.0	35.0	42.0	36.0	41.0	11.0	6.0
03/05/2024	6.0	49.0	9.0	30.0	10.0	4.0	3.0
30/04/2024	24.0	47.0	13.0	22.0	33.0	5.0	1.0
26/04/2024	47.0	2.0	39.0	20.0	40.0	8.0	4.0
23/04/2024	9.0	49.0	11.0	6.0	32.0	2.0	10.0
19/04/2024	10.0	20.0	46.0	40.0	44.0	1.0	3.0
16/04/2024	39.0	31.0	46.0	29.0	22.0	3.0	7.0
12/04/2024	45.0	16.0	12.0	2.0	3.0	11.0	2.0
09/04/2024	27.0	46.0	19.0	23.0	26.0	2.0	10.0
05/04/2024	26.0	37.0	35.0	18.0	13.0	11.0	8.0
02/04/2024	36.0	1.0	48.0	23.0	31.0	8.0	5.0
29/03/2024	49.0	35.0	36.0	17.0	16.0	10.0	1.0
26/03/2024	14.0	26.0	29.0	13.0	2.0	5.0	6.0
22/03/2024	32.0	8.0	44.0	11.0	23.0	9.0	10.0
19/03/2024	32.0	18.0	7.0	20.0	16.0	1.0	3.0
15/03/2024	31.0	40.0	34.0	4.0	1.0	4.0	5.0
12/03/2024	30.0	38.0	19.0	13.0	46.0	4.0	12.0
08/03/2024	12.0	11.0	8.0	44.0	16.0	4.0	7.0
05/03/2024	23.0	36.0	2.0	17.0	15.0	8.0	3.0
01/03/2024	34.0	20.0	4.0	19.0	7.0	2.0	4.0
27/02/2024	20.0	3.0	4.0	9.0	12.0	5.0	6.0
23/02/2024	27.0	49.0	30.0	24.0	28.0	1.0	12.0
20/02/2024	42.0	31.0	37.0	48.0	23.0	7.0	3.0
16/02/2024	26.0	14.0	13.0	24.0	8.0	1.0	2.0
13/02/2024	13.0	18.0	46.0	17.0	20.0	9.0	4.0
09/02/2024	37.0	35.0	45.0	24.0	23.0	12.0	9.0
06/02/2024	45.0	7.0	2.0	28.0	21.0	11.0	5.0
02/02/2024	13.0	42.0	27.0	23.0	20.0	9.0	5.0
30/01/2024	10.0	27.0	5.0	30.0	19.0	6.0	5.0
26/01/2024	32.0	19.0	41.0	8.0	42.0	12.0	9.0
23/01/2024	48.0	23.0	14.0	50.0	39.0	12.0	3.0
19/01/2024	50.0	27.0	28.0	48.0	44.0	7.0	12.0
16/01/2024	18.0	21.0	33.0	45.0	10.0	12.0	8.0
12/01/2024	18.0	16.0	17.0	49.0	45.0	9.0	12.0
09/01/2024	12.0	9.0	2.0	39.0	40.0	3.0	1.0
05/01/2024	18.0	4.0	39.0	7.0	50.0	8.0	3.0
02/01/2024	7.0	18.0	49.0	46.0	15.0	12.0	10.0
29/12/2023	2.0	36.0	19.0	37.0	3.0	9.0	6.0
26/12/2023	47.0	27.0	8.0	30.0	35.0	9.0	10.0
22/12/2023	14.0	49.0	34.0	44.0	6.0	12.0	4.0
19/12/2023	20.0	43.0	41.0	45.0	10.0	12.0	2.0
15/12/2023	2.0	13.0	37.0	38.0	48.0	9.0	5.0
12/12/2023	43.0	39.0	28.0	37.0	6.0	9.0	12.0
08/12/2023	48.0	30.0	50.0	42.0	17.0	4.0	8.0
05/12/2023	6.0	20.0	4.0	24.0	25.0	5.0	9.0
01/12/2023	38.0	10.0	4.0	14.0	50.0	9.0	12.0
28/11/2023	27.0	44.0	12.0	33.0	16.0	7.0	8.0
24/11/2023	48.0	15.0	29.0	20.0	39.0	7.0	1.0
21/11/2023	46.0	47.0	29.0	34.0	19.0	2.0	3.0
17/11/2023	26.0	50.0	24.0	2.0	46.0	2.0	7.0
14/11/2023	13.0	50.0	36.0	16.0	44.0	3.0	5.0
10/11/2023	30.0	42.0	10.0	21.0	38.0	12.0	2.0
07/11/2023	8.0	10.0	11.0	39.0	30.0	10.0	4.0
03/11/2023	31.0	47.0	21.0	39.0	8.0	9.0	5.0
31/10/2023	20.0	40.0	5.0	50.0	7.0	10.0	2.0
27/10/2023	29.0	48.0	33.0	49.0	35.0	8.0	3.0
24/10/2023	18.0	16.0	8.0	31.0	34.0	6.0	9.0
20/10/2023	20.0	40.0	28.0	2.0	45.0	5.0	1.0
17/10/2023	40.0	20.0	10.0	35.0	17.0	4.0	3.0
13/10/2023	41.0	26.0	21.0	40.0	28.0	4.0	2.0
10/10/2023	18.0	33.0	20.0	22.0	43.0	3.0	9.0
06/10/2023	31.0	43.0	21.0	29.0	34.0	2.0	9.0
03/10/2023	45.0	6.0	22.0	24.0	20.0	5.0	4.0
29/09/2023	32.0	9.0	11.0	21.0	13.0	7.0	2.0
26/09/2023	14.0	6.0	23.0	2.0	19.0	5.0	7.0
22/09/2023	3.0	23.0	35.0	34.0	24.0	8.0	5.0
19/09/2023	10.0	31.0	41.0	15.0	42.0	2.0	5.0
15/09/2023	21.0	45.0	12.0	48.0	14.0	8.0	11.0
12/09/2023	14.0	5.0	42.0	36.0	40.0	11.0	2.0
08/09/2023	33.0	20.0	10.0	21.0	26.0	4.0	3.0
05/09/2023	41.0	48.0	7.0	1.0	24.0	10.0	12.0
01/09/2023	35.0	43.0	37.0	5.0	4.0	5.0	6.0
29/08/2023	21.0	40.0	23.0	32.0	49.0	11.0	8.0
25/08/2023	44.0	35.0	16.0	34.0	17.0	5.0	10.0
22/08/2023	23.0	9.0	40.0	2.0	32.0	6.0	7.0
18/08/2023	47.0	25.0	23.0	30.0	44.0	9.0	12.0
15/08/2023	3.0	32.0	5.0	43.0	9.0	6.0	10.0
11/08/2023	10.0	13.0	34.0	4.0	6.0	3.0	5.0
08/08/2023	40.0	8.0	33.0	9.0	35.0	6.0	3.0
04/08/2023	15.0	31.0	48.0	20.0	44.0	1.0	3.0
01/08/2023	35.0	27.0	25.0	45.0	40.0	7.0	11.0
28/07/2023	38.0	7.0	34.0	32.0	33.0	9.0	6.0
25/07/2023	11.0	7.0	27.0	5.0	37.0	12.0	6.0
21/07/2023	7.0	35.0	33.0	36.0	31.0	10.0	7.0
18/07/2023	34.0	35.0	12.0	4.0	45.0	9.0	1.0
14/07/2023	5.0	29.0	48.0	8.0	35.0	5.0	6.0
11/07/2023	48.0	28.0	2.0	11.0	42.0	4.0	9.0
07/07/2023	2.0	12.0	19.0	11.0	38.0	8.0	4.0
04/07/2023	23.0	36.0	44.0	17.0	14.0	8.0	2.0
30/06/2023	29.0	25.0	6.0	36.0	1.0	10.0	7.0
27/06/2023	27.0	22.0	44.0	17.0	23.0	7.0	1.0
23/06/2023	11.0	3.0	33.0	46.0	1.0	10.0	11.0
20/06/2023	35.0	28.0	11.0	32.0	17.0	6.0	5.0
16/06/2023	34.0	7.0	41.0	26.0	44.0	9.0	11.0
13/06/2023	15.0	16.0	21.0	50.0	41.0	5.0	6.0
09/06/2023	18.0	26.0	36.0	50.0	41.0	11.0	12.0
06/06/2023	21.0	13.0	39.0	32.0	50.0	10.0	2.0
02/06/2023	25.0	3.0	15.0	43.0	12.0	10.0	11.0
30/05/2023	27.0	47.0	33.0	29.0	32.0	8.0	2.0
26/05/2023	38.0	25.0	15.0	37.0	41.0	1.0	7.0
23/05/2023	34.0	5.0	14.0	6.0	23.0	11.0	2.0
19/05/2023	41.0	27.0	34.0	49.0	18.0	3.0	9.0
16/05/2023	14.0	6.0	9.0	4.0	37.0	4.0	11.0
12/05/2023	9.0	44.0	13.0	39.0	10.0	6.0	4.0
09/05/2023	21.0	28.0	13.0	17.0	46.0	9.0	7.0
05/05/2023	34.0	8.0	49.0	18.0	3.0	3.0	7.0
02/05/2023	48.0	44.0	32.0	7.0	47.0	8.0	7.0
28/04/2023	34.0	23.0	11.0	13.0	16.0	1.0	10.0
25/04/2023	29.0	45.0	40.0	10.0	30.0	12.0	1.0
21/04/2023	18.0	8.0	7.0	42.0	33.0	8.0	2.0
18/04/2023	37.0	21.0	17.0	35.0	23.0	11.0	10.0
14/04/2023	44.0	4.0	37.0	49.0	11.0	7.0	6.0
11/04/2023	19.0	16.0	14.0	29.0	10.0	2.0	10.0
07/04/2023	26.0	28.0	46.0	5.0	36.0	12.0	6.0
04/04/2023	50.0	33.0	16.0	31.0	10.0	3.0	8.0
31/03/2023	28.0	34.0	47.0	16.0	18.0	10.0	5.0
28/03/2023	21.0	16.0	34.0	36.0	44.0	9.0	10.0
24/03/2023	36.0	25.0	5.0	46.0	12.0	10.0	6.0
21/03/2023	29.0	1.0	9.0	32.0	20.0	3.0	2.0
17/03/2023	37.0	5.0	26.0	15.0	49.0	8.0	11.0
14/03/2023	26.0	46.0	28.0	31.0	16.0	12.0	11.0
10/03/2023	9.0	16.0	48.0	37.0	38.0	7.0	2.0
07/03/2023	50.0	24.0	35.0	13.0	11.0	6.0	11.0
03/03/2023	24.0	3.0	8.0	50.0	6.0	10.0	11.0
28/02/2023	29.0	33.0	12.0	37.0	47.0	10.0	5.0
24/02/2023	42.0	34.0	7.0	23.0	48.0	1.0	3.0
21/02/2023	49.0	41.0	22.0	34.0	21.0	2.0	7.0
17/02/2023	42.0	27.0	45.0	23.0	8.0	1.0	9.0
14/02/2023	43.0	24.0	46.0	26.0	38.0	2.0	3.0
10/02/2023	3.0	13.0	36.0	25.0	47.0	3.0	8.0
07/02/2023	8.0	47.0	34.0	44.0	2.0	9.0	3.0
03/02/2023	14.0	32.0	45.0	2.0	17.0	10.0	3.0
31/01/2023	7.0	12.0	33.0	43.0	19.0	3.0	7.0
27/01/2023	15.0	19.0	31.0	8.0	9.0	12.0	10.0
24/01/2023	11.0	27.0	47.0	41.0	43.0	7.0	11.0
20/01/2023	40.0	6.0	13.0	42.0	3.0	7.0	11.0
17/01/2023	18.0	46.0	30.0	50.0	21.0	2.0	6.0
13/01/2023	13.0	4.0	33.0	25.0	37.0	10.0	5.0
10/01/2023	42.0	11.0	34.0	13.0	40.0	10.0	3.0
06/01/2023	44.0	16.0	35.0	45.0	31.0	12.0	4.0
03/01/2023	20.0	29.0	21.0	46.0	45.0	10.0	3.0
30/12/2022	48.0	42.0	17.0	34.0	47.0	1.0	9.0
27/12/2022	33.0	31.0	19.0	34.0	43.0	5.0	3.0
23/12/2022	16.0	17.0	26.0	23.0	35.0	5.0	11.0
20/12/2022	1.0	20.0	11.0	17.0	27.0	4.0	5.0
16/12/2022	2.0	15.0	44.0	35.0	19.0	7.0	2.0
13/12/2022	30.0	3.0	12.0	26.0	9.0	10.0	11.0
09/12/2022	8.0	46.0	31.0	27.0	50.0	3.0	1.0
06/12/2022	20.0	25.0	27.0	26.0	12.0	8.0	12.0
02/12/2022	39.0	12.0	35.0	21.0	45.0	11.0	6.0
29/11/2022	20.0	38.0	35.0	15.0	24.0	12.0	8.0
25/11/2022	21.0	19.0	39.0	35.0	37.0	2.0	6.0
22/11/2022	24.0	29.0	42.0	21.0	22.0	3.0	11.0
18/11/2022	41.0	13.0	35.0	19.0	16.0	11.0	1.0
15/11/2022	31.0	21.0	13.0	24.0	33.0	1.0	12.0
11/11/2022	25.0	2.0	19.0	44.0	24.0	2.0	10.0
08/11/2022	50.0	32.0	33.0	5.0	3.0	1.0	8.0
04/11/2022	11.0	2.0	37.0	47.0	45.0	2.0	3.0
01/11/2022	42.0	48.0	19.0	37.0	47.0	6.0	1.0
28/10/2022	28.0	35.0	21.0	16.0	14.0	11.0	1.0
25/10/2022	24.0	7.0	46.0	34.0	39.0	6.0	1.0
21/10/2022	26.0	28.0	38.0	25.0	40.0	1.0	6.0
18/10/2022	42.0	3.0	5.0	48.0	13.0	6.0	1.0
14/10/2022	28.0	48.0	29.0	24.0	34.0	7.0	3.0
11/10/2022	40.0	35.0	8.0	32.0	23.0	8.0	1.0
07/10/2022	50.0	27.0	45.0	26.0	42.0	12.0	1.0
04/10/2022	3.0	28.0	18.0	43.0	42.0	12.0	3.0
30/09/2022	2.0	16.0	11.0	1.0	26.0	3.0	12.0
27/09/2022	34.0	4.0	44.0	20.0	21.0	3.0	1.0
23/09/2022	22.0	35.0	48.0	15.0	14.0	8.0	3.0
20/09/2022	21.0	11.0	32.0	48.0	23.0	12.0	3.0
16/09/2022	49.0	10.0	45.0	36.0	27.0	3.0	4.0
13/09/2022	40.0	9.0	12.0	15.0	47.0	1.0	11.0
09/09/2022	26.0	17.0	23.0	24.0	27.0	4.0	9.0
06/09/2022	10.0	44.0	7.0	29.0	22.0	4.0	5.0
02/09/2022	7.0	45.0	12.0	20.0	13.0	3.0	12.0
30/08/2022	6.0	10.0	4.0	15.0	19.0	1.0	4.0
26/08/2022	22.0	23.0	44.0	25.0	38.0	12.0	11.0
23/08/2022	48.0	39.0	26.0	19.0	31.0	2.0	3.0
18/08/2022	9.0	2.0	19.0	38.0	13.0	2.0	6.0
16/08/2022	10.0	25.0	14.0	39.0	32.0	7.0	8.0
12/08/2022	14.0	42.0	35.0	17.0	34.0	10.0	6.0
09/08/2022	47.0	18.0	21.0	19.0	27.0	11.0	5.0
05/08/2022	29.0	3.0	44.0	33.0	35.0	10.0	8.0
02/08/2022	28.0	48.0	18.0	40.0	7.0	11.0	8.0
29/07/2022	38.0	48.0	43.0	23.0	3.0	8.0	3.0
26/07/2022	3.0	5.0	17.0	27.0	25.0	9.0	1.0
22/07/2022	32.0	29.0	50.0	18.0	16.0	11.0	4.0
19/07/2022	41.0	6.0	27.0	40.0	23.0	2.0	12.0
15/07/2022	38.0	17.0	29.0	9.0	39.0	10.0	7.0
12/07/2022	50.0	18.0	25.0	24.0	14.0	11.0	6.0
08/07/2022	28.0	46.0	43.0	35.0	31.0	7.0	4.0
05/07/2022	7.0	25.0	48.0	45.0	10.0	3.0	6.0
01/07/2022	46.0	6.0	34.0	24.0	18.0	12.0	3.0
28/06/2022	35.0	10.0	47.0	42.0	48.0	11.0	2.0
24/06/2022	50.0	44.0	17.0	10.0	28.0	12.0	8.0
21/06/2022	23.0	36.0	39.0	6.0	47.0	10.0	8.0
17/06/2022	21.0	22.0	38.0	19.0	31.0	7.0	11.0
14/06/2022	7.0	40.0	2.0	27.0	34.0	3.0	11.0
10/06/2022	37.0	26.0	40.0	17.0	36.0	9.0	12.0
07/06/2022	17.0	6.0	31.0	25.0	16.0	2.0	6.0
03/06/2022	29.0	12.0	48.0	28.0	34.0	9.0	11.0
31/05/2022	42.0	13.0	10.0	49.0	3.0	3.0	9.0
27/05/2022	15.0	34.0	28.0	48.0	23.0	3.0	5.0
24/05/2022	27.0	13.0	10.0	36.0	37.0	10.0	2.0
20/05/2022	32.0	23.0	8.0	22.0	50.0	3.0	9.0
17/05/2022	49.0	28.0	30.0	5.0	48.0	5.0	11.0
13/05/2022	11.0	45.0	17.0	48.0	3.0	8.0	4.0
10/05/2022	28.0	3.0	29.0	25.0	27.0	4.0	9.0
06/05/2022	3.0	24.0	8.0	18.0	40.0	11.0	3.0
03/05/2022	26.0	48.0	47.0	8.0	20.0	8.0	3.0
29/04/2022	37.0	36.0	10.0	20.0	11.0	7.0	3.0
26/04/2022	25.0	4.0	28.0	34.0	45.0	11.0	8.0
22/04/2022	11.0	6.0	35.0	36.0	21.0	9.0	1.0
19/04/2022	28.0	46.0	2.0	17.0	12.0	10.0	6.0
15/04/2022	32.0	48.0	6.0	24.0	30.0	6.0	5.0
12/04/2022	30.0	47.0	35.0	31.0	21.0	10.0	2.0
08/04/2022	16.0	38.0	1.0	45.0	15.0	4.0	11.0
05/04/2022	13.0	1.0	24.0	11.0	49.0	5.0	6.0
01/04/2022	21.0	45.0	31.0	2.0	7.0	10.0	4.0
29/03/2022	43.0	33.0	11.0	8.0	42.0	11.0	6.0
25/03/2022	10.0	29.0	24.0	6.0	27.0	12.0	5.0
22/03/2022	7.0	29.0	17.0	40.0	21.0	8.0	11.0
18/03/2022	43.0	1.0	9.0	14.0	17.0	12.0	6.0
15/03/2022	2.0	26.0	19.0	12.0	1.0	8.0	2.0
11/03/2022	23.0	22.0	12.0	19.0	48.0	6.0	2.0
08/03/2022	18.0	12.0	31.0	25.0	21.0	9.0	2.0
04/03/2022	40.0	20.0	43.0	6.0	42.0	10.0	12.0
01/03/2022	26.0	24.0	42.0	39.0	8.0	5.0	3.0
25/02/2022	24.0	10.0	30.0	42.0	13.0	1.0	5.0
22/02/2022	26.0	32.0	14.0	5.0	9.0	7.0	3.0
18/02/2022	25.0	41.0	50.0	43.0	38.0	6.0	10.0
15/02/2022	33.0	20.0	31.0	9.0	44.0	12.0	2.0
11/02/2022	45.0	13.0	42.0	18.0	38.0	7.0	11.0
08/02/2022	43.0	34.0	20.0	6.0	37.0	7.0	10.0
04/02/2022	49.0	38.0	3.0	25.0	43.0	7.0	3.0
01/02/2022	49.0	36.0	1.0	19.0	38.0	9.0	6.0
28/01/2022	34.0	10.0	25.0	29.0	45.0	10.0	9.0
25/01/2022	16.0	6.0	47.0	18.0	39.0	2.0	4.0
21/01/2022	5.0	35.0	39.0	14.0	36.0	12.0	7.0
18/01/2022	12.0	30.0	24.0	3.0	19.0	5.0	2.0
14/01/2022	25.0	6.0	46.0	17.0	31.0	12.0	9.0
11/01/2022	33.0	23.0	44.0	32.0	4.0	12.0	9.0
07/01/2022	14.0	2.0	50.0	37.0	44.0	7.0	11.0
04/01/2022	28.0	41.0	18.0	35.0	36.0	6.0	11.0
31/12/2021	25.0	7.0	43.0	22.0	49.0	7.0	6.0
28/12/2021	4.0	29.0	15.0	17.0	6.0	9.0	12.0
24/12/2021	41.0	2.0	34.0	26.0	28.0	10.0	5.0
21/12/2021	34.0	38.0	17.0	12.0	21.0	2.0	3.0
17/12/2021	30.0	1.0	35.0	2.0	15.0	2.0	7.0
14/12/2021	37.0	19.0	47.0	21.0	48.0	3.0	6.0
10/12/2021	11.0	21.0	42.0	38.0	33.0	8.0	2.0
07/12/2021	22.0	31.0	46.0	47.0	38.0	7.0	11.0
03/12/2021	46.0	21.0	32.0	22.0	29.0	9.0	10.0
30/11/2021	43.0	19.0	33.0	26.0	20.0	4.0	1.0
26/11/2021	50.0	20.0	41.0	42.0	1.0	3.0	7.0
23/11/2021	21.0	17.0	42.0	36.0	46.0	10.0	7.0
19/11/2021	50.0	26.0	47.0	22.0	38.0	6.0	2.0
16/11/2021	9.0	32.0	36.0	19.0	21.0	4.0	3.0
12/11/2021	50.0	15.0	9.0	47.0	2.0	9.0	6.0
09/11/2021	33.0	25.0	36.0	26.0	17.0	8.0	1.0
05/11/2021	41.0	25.0	2.0	12.0	30.0	11.0	8.0
02/11/2021	29.0	43.0	2.0	3.0	17.0	4.0	1.0
29/10/2021	28.0	10.0	32.0	15.0	49.0	9.0	3.0
26/10/2021	12.0	44.0	42.0	15.0	20.0	2.0	1.0
22/10/2021	33.0	12.0	17.0	39.0	22.0	2.0	12.0
19/10/2021	40.0	4.0	36.0	41.0	20.0	1.0	6.0
15/10/2021	49.0	21.0	26.0	34.0	31.0	5.0	2.0
12/10/2021	13.0	45.0	22.0	6.0	49.0	10.0	11.0
08/10/2021	10.0	42.0	23.0	46.0	1.0	3.0	5.0
05/10/2021	45.0	14.0	36.0	13.0	11.0	7.0	9.0
01/10/2021	1.0	19.0	15.0	48.0	26.0	6.0	12.0
28/09/2021	12.0	7.0	6.0	33.0	39.0	7.0	1.0
24/09/2021	27.0	12.0	20.0	2.0	41.0	10.0	12.0
21/09/2021	20.0	25.0	26.0	30.0	38.0	8.0	2.0
17/09/2021	10.0	7.0	5.0	8.0	34.0	9.0	1.0
14/09/2021	12.0	38.0	45.0	18.0	35.0	2.0	8.0
10/09/2021	6.0	7.0	28.0	18.0	1.0	2.0	8.0
07/09/2021	42.0	7.0	19.0	35.0	43.0	7.0	9.0
03/09/2021	5.0	13.0	29.0	35.0	7.0	3.0	7.0
31/08/2021	17.0	5.0	32.0	13.0	43.0	2.0	10.0
27/08/2021	31.0	46.0	3.0	50.0	2.0	12.0	8.0
24/08/2021	21.0	36.0	44.0	19.0	50.0	3.0	10.0
20/08/2021	3.0	19.0	9.0	20.0	23.0	11.0	9.0
17/08/2021	47.0	12.0	41.0	42.0	31.0	6.0	4.0
13/08/2021	49.0	44.0	47.0	12.0	6.0	8.0	12.0
10/08/2021	47.0	9.0	48.0	49.0	37.0	2.0	7.0
06/08/2021	32.0	21.0	7.0	26.0	14.0	12.0	4.0
03/08/2021	46.0	23.0	45.0	21.0	17.0	7.0	11.0
30/07/2021	23.0	10.0	35.0	33.0	37.0	5.0	10.0
27/07/2021	19.0	21.0	25.0	5.0	9.0	12.0	10.0
23/07/2021	34.0	50.0	26.0	23.0	24.0	4.0	2.0
20/07/2021	19.0	48.0	3.0	41.0	12.0	6.0	9.0
16/07/2021	47.0	5.0	16.0	42.0	49.0	3.0	11.0
13/07/2021	22.0	11.0	6.0	8.0	5.0	3.0	4.0
09/07/2021	37.0	19.0	6.0	36.0	49.0	11.0	4.0
06/07/2021	2.0	42.0	5.0	27.0	21.0	9.0	11.0
02/07/2021	49.0	29.0	38.0	9.0	14.0	7.0	10.0
29/06/2021	6.0	12.0	24.0	20.0	48.0	6.0	5.0
25/06/2021	33.0	29.0	36.0	1.0	30.0	12.0	3.0
22/06/2021	27.0	24.0	26.0	6.0	41.0	8.0	3.0
18/06/2021	27.0	20.0	41.0	11.0	30.0	3.0	5.0
15/06/2021	30.0	31.0	11.0	26.0	21.0	2.0	3.0
11/06/2021	17.0	33.0	9.0	21.0	39.0	7.0	11.0
08/06/2021	47.0	26.0	2.0	36.0	11.0	9.0	7.0
04/06/2021	40.0	20.0	36.0	46.0	7.0	2.0	4.0
01/06/2021	35.0	10.0	44.0	3.0	26.0	7.0	6.0
28/05/2021	16.0	40.0	13.0	11.0	34.0	1.0	12.0
25/05/2021	38.0	21.0	26.0	1.0	30.0	8.0	2.0
21/05/2021	9.0	13.0	35.0	2.0	15.0	10.0	3.0
18/05/2021	13.0	39.0	40.0	38.0	5.0	4.0	12.0
14/05/2021	6.0	38.0	29.0	16.0	18.0	6.0	11.0
11/05/2021	14.0	46.0	43.0	34.0	25.0	6.0	5.0
07/05/2021	33.0	38.0	47.0	22.0	14.0	9.0	8.0
04/05/2021	46.0	13.0	10.0	28.0	3.0	11.0	4.0
30/04/2021	1.0	28.0	24.0	46.0	16.0	11.0	2.0
27/04/2021	13.0	49.0	14.0	24.0	35.0	1.0	10.0
23/04/2021	29.0	19.0	15.0	3.0	14.0	2.0	8.0
20/04/2021	28.0	46.0	17.0	5.0	41.0	11.0	10.0
16/04/2021	29.0	11.0	40.0	48.0	6.0	9.0	5.0
13/04/2021	47.0	16.0	31.0	50.0	20.0	8.0	2.0
09/04/2021	44.0	8.0	35.0	32.0	2.0	8.0	11.0
06/04/2021	50.0	21.0	37.0	38.0	2.0	8.0	7.0
02/04/2021	21.0	47.0	4.0	40.0	34.0	2.0	5.0
30/03/2021	42.0	24.0	29.0	28.0	27.0	8.0	4.0
26/03/2021	49.0	12.0	50.0	10.0	37.0	8.0	3.0
23/03/2021	2.0	26.0	29.0	36.0	49.0	3.0	9.0
19/03/2021	35.0	44.0	43.0	9.0	3.0	10.0	1.0
16/03/2021	32.0	25.0	23.0	47.0	35.0	2.0	6.0
12/03/2021	11.0	4.0	6.0	44.0	9.0	10.0	11.0
09/03/2021	16.0	21.0	33.0	32.0	1.0	11.0	12.0
05/03/2021	4.0	46.0	5.0	39.0	48.0	7.0	10.0
02/03/2021	24.0	49.0	19.0	26.0	2.0	6.0	7.0
26/02/2021	6.0	12.0	22.0	29.0	33.0	11.0	6.0
23/02/2021	30.0	9.0	39.0	18.0	45.0	3.0	1.0
19/02/2021	25.0	48.0	4.0	46.0	12.0	12.0	7.0
16/02/2021	30.0	25.0	29.0	9.0	5.0	6.0	7.0
12/02/2021	32.0	7.0	36.0	30.0	23.0	12.0	8.0
09/02/2021	24.0	5.0	31.0	10.0	37.0	9.0	10.0
05/02/2021	45.0	12.0	37.0	19.0	44.0	6.0	2.0
02/02/2021	38.0	18.0	48.0	20.0	35.0	9.0	12.0
29/01/2021	27.0	36.0	5.0	42.0	1.0	6.0	1.0
26/01/2021	7.0	37.0	25.0	40.0	5.0	2.0	8.0
22/01/2021	16.0	47.0	42.0	8.0	44.0	7.0	6.0
19/01/2021	25.0	35.0	31.0	27.0	43.0	5.0	6.0
15/01/2021	27.0	10.0	4.0	40.0	38.0	11.0	3.0
12/01/2021	10.0	34.0	2.0	35.0	18.0	6.0	9.0
08/01/2021	42.0	23.0	37.0	41.0	18.0	4.0	6.0
05/01/2021	37.0	42.0	12.0	34.0	38.0	3.0	1.0
01/01/2021	32.0	16.0	48.0	44.0	28.0	1.0	9.0
29/12/2020	7.0	40.0	39.0	45.0	32.0	8.0	3.0
25/12/2020	16.0	21.0	27.0	30.0	32.0	3.0	5.0
22/12/2020	42.0	10.0	50.0	2.0	16.0	11.0	4.0
18/12/2020	2.0	21.0	17.0	3.0	13.0	7.0	8.0
15/12/2020	21.0	9.0	35.0	13.0	29.0	2.0	1.0
11/12/2020	41.0	13.0	24.0	9.0	6.0	3.0	12.0
08/12/2020	1.0	46.0	21.0	4.0	24.0	2.0	12.0
04/12/2020	14.0	38.0	20.0	27.0	34.0	1.0	11.0
01/12/2020	29.0	49.0	20.0	14.0	47.0	12.0	4.0
27/11/2020	8.0	14.0	16.0	5.0	2.0	9.0	8.0
24/11/2020	50.0	33.0	38.0	42.0	25.0	12.0	8.0
20/11/2020	28.0	50.0	48.0	39.0	29.0	5.0	7.0
17/11/2020	30.0	25.0	44.0	19.0	16.0	6.0	2.0
13/11/2020	31.0	17.0	1.0	28.0	5.0	1.0	10.0
10/11/2020	19.0	3.0	38.0	32.0	29.0	12.0	5.0
06/11/2020	12.0	37.0	7.0	50.0	40.0	1.0	2.0
03/11/2020	5.0	7.0	18.0	20.0	30.0	7.0	6.0
30/10/2020	21.0	16.0	20.0	12.0	28.0	9.0	3.0
27/10/2020	13.0	15.0	28.0	44.0	32.0	12.0	3.0
23/10/2020	19.0	23.0	10.0	21.0	15.0	3.0	12.0
20/10/2020	15.0	5.0	42.0	37.0	6.0	4.0	3.0
16/10/2020	15.0	40.0	38.0	33.0	50.0	6.0	3.0
13/10/2020	5.0	41.0	46.0	38.0	14.0	10.0	1.0
09/10/2020	15.0	11.0	35.0	50.0	41.0	8.0	5.0
06/10/2020	41.0	36.0	4.0	21.0	47.0	11.0	9.0
02/10/2020	15.0	45.0	12.0	6.0	40.0	9.0	3.0
29/09/2020	16.0	14.0	4.0	44.0	41.0	11.0	12.0
25/09/2020	34.0	45.0	19.0	23.0	37.0	1.0	7.0
22/09/2020	28.0	39.0	25.0	40.0	16.0	1.0	6.0
18/09/2020	25.0	45.0	19.0	2.0	10.0	1.0	7.0
15/09/2020	38.0	25.0	30.0	16.0	20.0	8.0	6.0
11/09/2020	34.0	38.0	45.0	43.0	42.0	12.0	9.0
08/09/2020	9.0	35.0	2.0	41.0	31.0	12.0	9.0
04/09/2020	6.0	29.0	43.0	40.0	22.0	7.0	4.0
01/09/2020	46.0	8.0	4.0	33.0	10.0	8.0	11.0
28/08/2020	31.0	16.0	17.0	7.0	12.0	9.0	7.0
25/08/2020	18.0	37.0	39.0	30.0	7.0	10.0	8.0
21/08/2020	10.0	35.0	50.0	15.0	44.0	5.0	3.0
18/08/2020	12.0	34.0	42.0	17.0	6.0	12.0	5.0
14/08/2020	49.0	10.0	42.0	9.0	19.0	4.0	12.0
11/08/2020	14.0	13.0	50.0	8.0	42.0	3.0	9.0
07/08/2020	36.0	20.0	5.0	41.0	21.0	11.0	6.0
04/08/2020	42.0	2.0	5.0	1.0	15.0	8.0	5.0
31/07/2020	30.0	46.0	24.0	21.0	49.0	2.0	5.0
28/07/2020	34.0	17.0	13.0	9.0	15.0	7.0	2.0
24/07/2020	8.0	28.0	50.0	27.0	9.0	12.0	4.0
21/07/2020	29.0	15.0	42.0	14.0	24.0	2.0	4.0
17/07/2020	7.0	27.0	41.0	15.0	43.0	7.0	9.0
14/07/2020	30.0	22.0	37.0	11.0	47.0	9.0	10.0
10/07/2020	30.0	38.0	15.0	17.0	23.0	2.0	7.0
07/07/2020	41.0	33.0	23.0	12.0	16.0	8.0	10.0
03/07/2020	27.0	4.0	16.0	39.0	37.0	3.0	6.0
30/06/2020	11.0	42.0	1.0	28.0	6.0	2.0	10.0
26/06/2020	12.0	26.0	21.0	1.0	10.0	5.0	11.0
23/06/2020	19.0	46.0	49.0	12.0	2.0	8.0	1.0
19/06/2020	14.0	5.0	24.0	43.0	19.0	3.0	11.0
16/06/2020	39.0	9.0	11.0	4.0	17.0	2.0	10.0
12/06/2020	24.0	39.0	46.0	2.0	45.0	4.0	8.0
09/06/2020	46.0	36.0	27.0	5.0	15.0	8.0	2.0
05/06/2020	24.0	11.0	37.0	17.0	5.0	6.0	3.0
02/06/2020	49.0	22.0	12.0	26.0	10.0	11.0	7.0
29/05/2020	4.0	11.0	8.0	46.0	19.0	4.0	8.0
26/05/2020	9.0	4.0	27.0	14.0	21.0	4.0	6.0
22/05/2020	18.0	22.0	32.0	3.0	27.0	2.0	7.0
19/05/2020	43.0	32.0	37.0	25.0	5.0	6.0	7.0
15/05/2020	34.0	23.0	32.0	39.0	11.0	1.0	6.0
12/05/2020	16.0	9.0	29.0	39.0	37.0	4.0	11.0
08/05/2020	33.0	38.0	8.0	25.0	32.0	9.0	7.0
05/05/2020	2.0	27.0	22.0	10.0	41.0	3.0	2.0
01/05/2020	47.0	20.0	19.0	45.0	38.0	2.0	6.0
28/04/2020	32.0	28.0	26.0	15.0	23.0	1.0	5.0
24/04/2020	28.0	5.0	1.0	21.0	19.0	7.0	4.0
21/04/2020	11.0	10.0	23.0	14.0	28.0	6.0	8.0
17/04/2020	37.0	32.0	45.0	28.0	16.0	1.0	11.0
14/04/2020	40.0	34.0	29.0	6.0	35.0	11.0	4.0
10/04/2020	33.0	17.0	3.0	39.0	10.0	1.0	4.0
07/04/2020	33.0	14.0	4.0	48.0	5.0	7.0	12.0
03/04/2020	50.0	16.0	34.0	19.0	46.0	2.0	6.0
31/03/2020	30.0	12.0	17.0	24.0	36.0	9.0	1.0
27/03/2020	14.0	41.0	27.0	46.0	11.0	3.0	2.0
24/03/2020	33.0	12.0	7.0	26.0	30.0	11.0	10.0
20/03/2020	40.0	9.0	20.0	34.0	3.0	6.0	12.0
17/03/2020	5.0	7.0	16.0	8.0	20.0	12.0	2.0
13/03/2020	21.0	3.0	11.0	36.0	27.0	10.0	9.0
10/03/2020	23.0	43.0	30.0	11.0	37.0	5.0	12.0
06/03/2020	15.0	43.0	38.0	45.0	46.0	11.0	1.0
03/03/2020	27.0	44.0	4.0	14.0	45.0	10.0	1.0
28/02/2020	8.0	11.0	23.0	20.0	22.0	4.0	3.0
25/02/2020	4.0	42.0	18.0	27.0	1.0	6.0	4.0
21/02/2020	32.0	23.0	30.0	45.0	7.0	5.0	9.0
18/02/2020	34.0	32.0	11.0	38.0	47.0	10.0	2.0
14/02/2020	5.0	35.0	20.0	41.0	49.0	10.0	6.0
11/02/2020	43.0	26.0	24.0	32.0	46.0	6.0	10.0
07/02/2020	17.0	15.0	9.0	25.0	40.0	9.0	3.0
04/02/2020	35.0	21.0	33.0	23.0	47.0	6.0	7.0
23/09/2016	14.0	39.0	42.0	49.0	16.0	9.0	3.0
20/09/2016	45.0	41.0	4.0	1.0	10.0	9.0	6.0
16/09/2016	32.0	5.0	22.0	8.0	14.0	2.0	11.0
13/09/2016	44.0	16.0	4.0	7.0	35.0	3.0	1.0
09/09/2016	28.0	4.0	11.0	17.0	15.0	1.0	3.0
06/09/2016	45.0	12.0	34.0	24.0	30.0	7.0	10.0
02/09/2016	50.0	40.0	16.0	32.0	8.0	2.0	11.0
30/08/2016	29.0	42.0	13.0	16.0	35.0	6.0	8.0
26/08/2016	48.0	9.0	30.0	28.0	1.0	7.0	8.0
23/08/2016	2.0	31.0	45.0	37.0	23.0	8.0	4.0
19/08/2016	22.0	6.0	5.0	25.0	34.0	7.0	5.0
16/08/2016	34.0	37.0	46.0	26.0	2.0	4.0	8.0
12/08/2016	15.0	50.0	36.0	2.0	28.0	11.0	2.0
09/08/2016	19.0	43.0	44.0	12.0	45.0	10.0	5.0
05/08/2016	19.0	16.0	24.0	37.0	35.0	2.0	7.0
02/08/2016	27.0	46.0	38.0	2.0	8.0	2.0	6.0
29/07/2016	40.0	26.0	50.0	1.0	21.0	4.0	2.0
26/07/2016	13.0	49.0	10.0	45.0	3.0	11.0	2.0
22/07/2016	26.0	45.0	24.0	7.0	37.0	9.0	5.0
19/07/2016	24.0	37.0	19.0	28.0	36.0	6.0	3.0
15/07/2016	2.0	11.0	14.0	13.0	21.0	1.0	8.0
12/07/2016	26.0	3.0	41.0	33.0	7.0	2.0	10.0
08/07/2016	12.0	18.0	8.0	44.0	33.0	8.0	4.0
05/07/2016	38.0	29.0	10.0	48.0	1.0	4.0	3.0
01/07/2016	11.0	50.0	13.0	40.0	2.0	10.0	1.0
28/06/2016	43.0	37.0	32.0	26.0	49.0	5.0	4.0
24/06/2016	11.0	19.0	39.0	28.0	27.0	3.0	10.0
21/06/2016	32.0	35.0	17.0	49.0	5.0	5.0	1.0
17/06/2016	43.0	1.0	18.0	27.0	7.0	8.0	4.0
14/06/2016	13.0	50.0	42.0	39.0	34.0	11.0	9.0
10/06/2016	21.0	35.0	42.0	14.0	43.0	7.0	9.0
07/06/2016	26.0	49.0	19.0	45.0	35.0	2.0	5.0
03/06/2016	7.0	31.0	39.0	23.0	33.0	6.0	10.0
31/05/2016	6.0	30.0	26.0	48.0	12.0	6.0	7.0
27/05/2016	46.0	27.0	13.0	43.0	25.0	4.0	8.0
24/05/2016	37.0	17.0	34.0	16.0	23.0	9.0	6.0
20/05/2016	41.0	9.0	30.0	14.0	45.0	4.0	9.0
17/05/2016	32.0	27.0	39.0	36.0	15.0	3.0	10.0
13/05/2016	31.0	28.0	42.0	15.0	7.0	10.0	11.0
10/05/2016	40.0	2.0	26.0	27.0	49.0	10.0	5.0
06/05/2016	45.0	48.0	40.0	34.0	32.0	10.0	1.0
03/05/2016	23.0	34.0	8.0	24.0	38.0	3.0	7.0
29/04/2016	4.0	25.0	28.0	5.0	43.0	6.0	11.0
26/04/2016	10.0	42.0	17.0	32.0	31.0	2.0	5.0
22/04/2016	32.0	43.0	26.0	34.0	17.0	2.0	10.0
19/04/2016	27.0	14.0	44.0	15.0	11.0	7.0	2.0
15/04/2016	13.0	32.0	37.0	14.0	48.0	1.0	7.0
12/04/2016	9.0	1.0	5.0	22.0	38.0	10.0	2.0
08/04/2016	43.0	8.0	49.0	6.0	26.0	10.0	6.0
05/04/2016	3.0	19.0	40.0	9.0	5.0	5.0	2.0
01/04/2016	23.0	25.0	2.0	49.0	16.0	6.0	9.0
29/03/2016	4.0	25.0	19.0	36.0	1.0	3.0	11.0
25/03/2016	43.0	36.0	12.0	42.0	19.0	8.0	5.0
22/03/2016	15.0	49.0	12.0	26.0	42.0	5.0	8.0
18/03/2016	14.0	49.0	21.0	19.0	24.0	5.0	11.0
15/03/2016	7.0	10.0	5.0	44.0	34.0	10.0	2.0
11/03/2016	26.0	43.0	1.0	21.0	40.0	9.0	6.0
08/03/2016	9.0	14.0	23.0	8.0	1.0	7.0	1.0
04/03/2016	9.0	23.0	40.0	16.0	14.0	1.0	5.0
01/03/2016	37.0	7.0	28.0	13.0	4.0	11.0	10.0
26/02/2016	13.0	50.0	5.0	33.0	15.0	9.0	11.0
23/02/2016	42.0	32.0	23.0	25.0	37.0	11.0	1.0
19/02/2016	32.0	13.0	14.0	39.0	30.0	3.0	9.0
16/02/2016	3.0	22.0	50.0	10.0	37.0	6.0	10.0
12/02/2016	31.0	49.0	28.0	20.0	3.0	5.0	2.0
09/02/2016	9.0	6.0	13.0	28.0	37.0	4.0	5.0
05/02/2016	46.0	32.0	27.0	3.0	41.0	4.0	8.0
02/02/2016	36.0	21.0	10.0	6.0	9.0	6.0	2.0
29/01/2016	29.0	32.0	23.0	1.0	5.0	1.0	7.0
26/01/2016	15.0	40.0	24.0	48.0	38.0	2.0	9.0
22/01/2016	27.0	10.0	30.0	47.0	12.0	9.0	8.0
19/01/2016	2.0	30.0	38.0	43.0	46.0	7.0	2.0
15/01/2016	43.0	38.0	19.0	10.0	46.0	1.0	11.0
12/01/2016	2.0	10.0	30.0	44.0	1.0	1.0	8.0
08/01/2016	35.0	33.0	26.0	40.0	5.0	3.0	8.0
05/01/2016	36.0	10.0	6.0	39.0	31.0	6.0	10.0
01/01/2016	44.0	37.0	38.0	39.0	4.0	4.0	7.0
29/12/2015	5.0	36.0	32.0	31.0	20.0	6.0	7.0
25/12/2015	10.0	27.0	40.0	3.0	25.0	9.0	3.0
22/12/2015	19.0	41.0	18.0	40.0	20.0	7.0	10.0
18/12/2015	22.0	6.0	26.0	29.0	48.0	5.0	6.0
15/12/2015	11.0	27.0	35.0	8.0	23.0	4.0	11.0
11/12/2015	43.0	5.0	21.0	3.0	40.0	11.0	6.0
08/12/2015	48.0	29.0	12.0	38.0	17.0	9.0	11.0
04/12/2015	17.0	27.0	18.0	39.0	8.0	7.0	1.0
01/12/2015	35.0	15.0	45.0	25.0	2.0	10.0	8.0
27/11/2015	50.0	16.0	30.0	37.0	29.0	6.0	8.0
24/11/2015	26.0	14.0	17.0	9.0	16.0	10.0	11.0
20/11/2015	34.0	49.0	30.0	46.0	4.0	8.0	7.0
17/11/2015	6.0	37.0	23.0	38.0	7.0	11.0	10.0
13/11/2015	33.0	10.0	18.0	40.0	17.0	8.0	2.0
10/11/2015	43.0	39.0	13.0	6.0	18.0	2.0	8.0
06/11/2015	26.0	40.0	38.0	17.0	3.0	4.0	10.0
03/11/2015	39.0	27.0	49.0	8.0	46.0	2.0	6.0
30/10/2015	34.0	13.0	17.0	8.0	21.0	6.0	7.0
27/10/2015	11.0	20.0	25.0	36.0	12.0	9.0	6.0
23/10/2015	25.0	7.0	32.0	39.0	30.0	2.0	8.0
20/10/2015	21.0	19.0	30.0	45.0	17.0	8.0	10.0
16/10/2015	28.0	43.0	7.0	48.0	29.0	3.0	10.0
13/10/2015	26.0	15.0	12.0	47.0	29.0	11.0	3.0
09/10/2015	43.0	42.0	47.0	40.0	1.0	9.0	11.0
06/10/2015	22.0	32.0	29.0	11.0	20.0	1.0	8.0
02/10/2015	21.0	35.0	7.0	32.0	18.0	11.0	2.0
29/09/2015	14.0	49.0	26.0	11.0	29.0	3.0	9.0
25/09/2015	14.0	37.0	30.0	13.0	23.0	8.0	2.0
22/09/2015	27.0	14.0	23.0	29.0	26.0	7.0	10.0
18/09/2015	39.0	34.0	33.0	7.0	29.0	8.0	7.0
15/09/2015	44.0	8.0	15.0	17.0	49.0	5.0	8.0
11/09/2015	19.0	50.0	10.0	29.0	18.0	9.0	1.0
08/09/2015	42.0	14.0	40.0	39.0	16.0	1.0	4.0
04/09/2015	27.0	8.0	45.0	9.0	50.0	8.0	10.0
01/09/2015	6.0	27.0	45.0	19.0	21.0	8.0	1.0
28/08/2015	11.0	34.0	30.0	29.0	31.0	4.0	7.0
25/08/2015	31.0	33.0	50.0	27.0	42.0	5.0	2.0
21/08/2015	47.0	4.0	16.0	18.0	43.0	10.0	6.0
18/08/2015	7.0	10.0	19.0	12.0	11.0	2.0	9.0
14/08/2015	45.0	4.0	44.0	7.0	39.0	3.0	5.0
11/08/2015	2.0	16.0	3.0	15.0	8.0	4.0	11.0
07/08/2015	1.0	5.0	21.0	44.0	39.0	4.0	11.0
04/08/2015	50.0	15.0	39.0	10.0	45.0	10.0	9.0
31/07/2015	34.0	21.0	16.0	50.0	40.0	6.0	9.0
28/07/2015	36.0	23.0	49.0	43.0	32.0	8.0	7.0
24/07/2015	21.0	46.0	2.0	9.0	35.0	2.0	11.0
21/07/2015	14.0	29.0	44.0	27.0	20.0	10.0	7.0
17/07/2015	21.0	48.0	22.0	1.0	43.0	9.0	7.0
14/07/2015	34.0	18.0	36.0	19.0	6.0	1.0	8.0
10/07/2015	35.0	8.0	15.0	5.0	41.0	5.0	4.0
07/07/2015	7.0	41.0	33.0	18.0	6.0	10.0	3.0
03/07/2015	11.0	18.0	44.0	15.0	12.0	3.0	9.0
30/06/2015	11.0	28.0	15.0	34.0	37.0	1.0	8.0
26/06/2015	10.0	19.0	6.0	3.0	24.0	5.0	7.0
23/06/2015	16.0	38.0	4.0	22.0	49.0	6.0	9.0
19/06/2015	7.0	14.0	20.0	31.0	42.0	9.0	3.0
16/06/2015	15.0	10.0	36.0	16.0	37.0	3.0	9.0
12/06/2015	11.0	10.0	37.0	5.0	8.0	9.0	7.0
09/06/2015	5.0	34.0	17.0	9.0	32.0	8.0	6.0
05/06/2015	8.0	7.0	2.0	48.0	45.0	9.0	1.0
02/06/2015	23.0	7.0	41.0	29.0	37.0	1.0	8.0
29/05/2015	4.0	20.0	48.0	45.0	3.0	8.0	6.0
26/05/2015	6.0	24.0	7.0	21.0	5.0	6.0	5.0
22/05/2015	18.0	44.0	35.0	24.0	45.0	5.0	11.0
19/05/2015	35.0	37.0	31.0	26.0	30.0	11.0	8.0
15/05/2015	47.0	42.0	44.0	5.0	35.0	9.0	8.0
12/05/2015	29.0	30.0	14.0	46.0	40.0	3.0	6.0
08/05/2015	14.0	19.0	49.0	7.0	47.0	10.0	3.0
05/05/2015	1.0	17.0	10.0	42.0	20.0	9.0	8.0
01/05/2015	19.0	26.0	20.0	25.0	3.0	6.0	10.0
28/04/2015	36.0	24.0	28.0	26.0	45.0	10.0	7.0
24/04/2015	31.0	5.0	40.0	29.0	19.0	3.0	10.0
21/04/2015	14.0	42.0	17.0	6.0	45.0	8.0	1.0
17/04/2015	39.0	2.0	34.0	24.0	30.0	11.0	8.0
14/04/2015	49.0	34.0	32.0	24.0	35.0	2.0	1.0
10/04/2015	25.0	43.0	22.0	23.0	30.0	5.0	9.0
07/04/2015	39.0	25.0	50.0	44.0	18.0	8.0	5.0
03/04/2015	39.0	37.0	49.0	29.0	27.0	4.0	2.0
31/03/2015	8.0	28.0	20.0	24.0	49.0	8.0	9.0
27/03/2015	30.0	39.0	32.0	44.0	2.0	10.0	6.0
24/03/2015	40.0	10.0	39.0	24.0	26.0	3.0	10.0
20/03/2015	3.0	14.0	42.0	48.0	37.0	1.0	10.0
17/03/2015	11.0	23.0	44.0	38.0	26.0	8.0	1.0
13/03/2015	4.0	5.0	22.0	18.0	23.0	3.0	1.0
10/03/2015	31.0	30.0	2.0	6.0	23.0	10.0	2.0
06/03/2015	47.0	30.0	49.0	50.0	23.0	7.0	2.0
03/03/2015	6.0	21.0	13.0	8.0	11.0	8.0	7.0
27/02/2015	17.0	25.0	14.0	5.0	47.0	10.0	9.0
24/02/2015	3.0	28.0	25.0	34.0	50.0	1.0	11.0
20/02/2015	37.0	46.0	10.0	4.0	14.0	4.0	7.0
17/02/2015	5.0	2.0	18.0	43.0	30.0	10.0	1.0
13/02/2015	24.0	12.0	39.0	44.0	42.0	3.0	11.0
10/02/2015	30.0	45.0	20.0	13.0	17.0	9.0	10.0
06/02/2015	50.0	30.0	10.0	26.0	39.0	8.0	7.0
03/02/2015	50.0	44.0	17.0	31.0	33.0	11.0	7.0
30/01/2015	9.0	24.0	15.0	13.0	19.0	3.0	8.0
27/01/2015	10.0	33.0	5.0	31.0	40.0	10.0	8.0
23/01/2015	30.0	45.0	29.0	38.0	6.0	8.0	1.0
20/01/2015	33.0	47.0	15.0	41.0	44.0	10.0	8.0
16/01/2015	34.0	32.0	29.0	30.0	46.0	6.0	3.0
13/01/2015	34.0	31.0	21.0	8.0	17.0	10.0	9.0
09/01/2015	6.0	32.0	45.0	21.0	24.0	1.0	11.0
06/01/2015	20.0	38.0	30.0	14.0	49.0	4.0	3.0
02/01/2015	24.0	25.0	49.0	28.0	22.0	3.0	6.0
30/12/2014	6.0	18.0	39.0	50.0	44.0	11.0	8.0
26/12/2014	26.0	45.0	27.0	49.0	17.0	2.0	3.0
23/12/2014	49.0	25.0	9.0	19.0	8.0	10.0	2.0
19/12/2014	39.0	44.0	23.0	29.0	31.0	5.0	8.0
16/12/2014	13.0	7.0	3.0	25.0	12.0	5.0	8.0
12/12/2014	28.0	2.0	15.0	31.0	37.0	4.0	6.0
09/12/2014	31.0	1.0	3.0	42.0	46.0	11.0	4.0
05/12/2014	5.0	8.0	48.0	47.0	37.0	3.0	2.0
02/12/2014	15.0	25.0	3.0	49.0	44.0	9.0	1.0
28/11/2014	10.0	23.0	6.0	41.0	15.0	10.0	4.0
25/11/2014	32.0	7.0	36.0	3.0	25.0	1.0	6.0
21/11/2014	28.0	32.0	7.0	37.0	4.0	5.0	10.0
18/11/2014	3.0	2.0	36.0	38.0	17.0	11.0	4.0
14/11/2014	36.0	32.0	38.0	48.0	17.0	8.0	5.0
11/11/2014	46.0	14.0	36.0	2.0	21.0	11.0	7.0
07/11/2014	32.0	13.0	38.0	46.0	25.0	10.0	1.0
04/11/2014	1.0	13.0	6.0	26.0	17.0	3.0	5.0
31/10/2014	10.0	41.0	13.0	20.0	33.0	9.0	3.0
28/10/2014	45.0	17.0	40.0	10.0	15.0	1.0	2.0
24/10/2014	42.0	20.0	3.0	30.0	9.0	6.0	1.0
21/10/2014	40.0	33.0	27.0	20.0	21.0	3.0	10.0
17/10/2014	49.0	13.0	48.0	1.0	40.0	8.0	10.0
14/10/2014	15.0	23.0	32.0	4.0	5.0	7.0	3.0
10/10/2014	29.0	42.0	47.0	45.0	6.0	9.0	10.0
07/10/2014	38.0	30.0	21.0	9.0	28.0	8.0	1.0
03/10/2014	13.0	23.0	50.0	48.0	4.0	10.0	5.0
30/09/2014	33.0	13.0	15.0	3.0	42.0	5.0	7.0
26/09/2014	46.0	35.0	47.0	13.0	27.0	1.0	2.0
23/09/2014	13.0	35.0	14.0	29.0	12.0	1.0	7.0
19/09/2014	6.0	34.0	8.0	38.0	48.0	9.0	3.0
16/09/2014	4.0	30.0	35.0	50.0	29.0	4.0	2.0
12/09/2014	31.0	9.0	33.0	26.0	13.0	7.0	11.0
09/09/2014	15.0	35.0	19.0	8.0	24.0	10.0	8.0
05/09/2014	18.0	50.0	23.0	46.0	1.0	9.0	3.0
02/09/2014	39.0	45.0	25.0	31.0	5.0	8.0	1.0
29/08/2014	32.0	38.0	26.0	9.0	2.0	3.0	6.0
26/08/2014	36.0	48.0	45.0	10.0	22.0	11.0	4.0
22/08/2014	29.0	17.0	49.0	35.0	4.0	1.0	2.0
19/08/2014	11.0	34.0	47.0	4.0	7.0	7.0	8.0
15/08/2014	4.0	21.0	30.0	5.0	23.0	10.0	8.0
12/08/2014	22.0	19.0	7.0	16.0	33.0	5.0	2.0
08/08/2014	29.0	21.0	35.0	46.0	43.0	1.0	9.0
05/08/2014	5.0	21.0	42.0	7.0	19.0	11.0	5.0
01/08/2014	50.0	44.0	46.0	48.0	24.0	10.0	5.0
29/07/2014	40.0	23.0	35.0	10.0	43.0	9.0	3.0
25/07/2014	10.0	24.0	9.0	12.0	43.0	5.0	9.0
22/07/2014	1.0	43.0	50.0	45.0	24.0	5.0	8.0
18/07/2014	1.0	41.0	43.0	11.0	29.0	3.0	11.0
15/07/2014	18.0	27.0	15.0	34.0	20.0	1.0	3.0
11/07/2014	38.0	35.0	5.0	49.0	22.0	7.0	4.0
08/07/2014	24.0	18.0	22.0	8.0	27.0	11.0	4.0
04/07/2014	47.0	18.0	43.0	39.0	4.0	6.0	2.0
01/07/2014	39.0	25.0	18.0	22.0	27.0	5.0	10.0
27/06/2014	39.0	34.0	45.0	33.0	31.0	2.0	10.0
24/06/2014	20.0	1.0	7.0	21.0	48.0	4.0	7.0
20/06/2014	5.0	38.0	49.0	15.0	25.0	1.0	2.0
17/06/2014	48.0	13.0	37.0	40.0	11.0	8.0	9.0
13/06/2014	16.0	22.0	28.0	46.0	18.0	11.0	9.0
10/06/2014	12.0	18.0	21.0	33.0	32.0	1.0	11.0
06/06/2014	34.0	40.0	25.0	7.0	49.0	9.0	11.0
03/06/2014	2.0	39.0	32.0	15.0	44.0	5.0	10.0
30/05/2014	27.0	41.0	24.0	45.0	5.0	7.0	6.0
27/05/2014	16.0	13.0	26.0	25.0	7.0	1.0	6.0
23/05/2014	31.0	3.0	47.0	8.0	34.0	11.0	9.0
20/05/2014	38.0	5.0	36.0	33.0	47.0	4.0	9.0
16/05/2014	26.0	23.0	37.0	29.0	40.0	4.0	3.0
13/05/2014	47.0	34.0	13.0	30.0	4.0	6.0	2.0
09/05/2014	45.0	28.0	3.0	26.0	21.0	10.0	7.0
06/05/2014	37.0	5.0	19.0	31.0	24.0	9.0	1.0
02/05/2014	30.0	42.0	4.0	31.0	38.0	11.0	2.0
29/04/2014	35.0	26.0	18.0	23.0	44.0	3.0	11.0
25/04/2014	13.0	49.0	44.0	21.0	24.0	9.0	1.0
22/04/2014	20.0	46.0	15.0	24.0	13.0	8.0	1.0
18/04/2014	21.0	47.0	31.0	39.0	24.0	3.0	7.0
15/04/2014	14.0	50.0	47.0	26.0	3.0	7.0	11.0
11/04/2014	8.0	33.0	30.0	12.0	19.0	4.0	11.0
08/04/2014	42.0	11.0	29.0	18.0	49.0	11.0	4.0
04/04/2014	50.0	45.0	28.0	6.0	10.0	10.0	11.0
01/04/2014	44.0	38.0	18.0	16.0	26.0	10.0	8.0
28/03/2014	3.0	43.0	19.0	28.0	4.0	3.0	7.0
25/03/2014	28.0	50.0	26.0	7.0	20.0	8.0	2.0
21/03/2014	37.0	7.0	39.0	30.0	42.0	7.0	5.0
18/03/2014	27.0	36.0	34.0	8.0	39.0	5.0	10.0
14/03/2014	30.0	24.0	6.0	27.0	25.0	9.0	5.0
11/03/2014	1.0	4.0	44.0	33.0	23.0	8.0	7.0
07/03/2014	38.0	10.0	40.0	5.0	41.0	1.0	8.0
04/03/2014	3.0	22.0	5.0	27.0	44.0	6.0	1.0
28/02/2014	38.0	44.0	32.0	12.0	43.0	2.0	7.0
25/02/2014	42.0	21.0	25.0	28.0	35.0	6.0	4.0
21/02/2014	28.0	13.0	17.0	30.0	32.0	5.0	7.0
18/02/2014	36.0	37.0	26.0	23.0	49.0	6.0	7.0
14/02/2014	19.0	39.0	4.0	2.0	6.0	2.0	7.0
11/02/2014	47.0	25.0	8.0	17.0	41.0	1.0	2.0
07/02/2014	17.0	19.0	47.0	3.0	46.0	9.0	10.0
04/02/2014	37.0	1.0	33.0	21.0	38.0	8.0	4.0
